PurchaseID,UserID,Fecha
1,45,2024-01-08
2,103,2024-03-07
3,102,2024-03-17
4,212,2024-04-13
5,158,2024-08-13
6,143,2024-07-19
7,297,2024-04-18
8,114,2024-11-01
9,76,2024-09-26
10,263,2024-10-14
11,274,2024-05-14
12,53,2024-12-24
13,25,2024-05-08
14,246,2024-12-15
15,121,2024-08-14
16,176,2024-11-19
17,219,2024-07-24
18,75,2024-07-28
19,177,2024-03-23
20,39,2024-06-25
21,25,2024-11-18
22,102,2024-03-08
23,210,2024-09-02
24,299,2024-08-12
25,283,2024-05-18
26,98,2024-04-07
27,268,2024-06-17
28,9,2024-08-06
29,116,2024-01-10
30,52,2024-02-15
31,187,2024-11-18
32,68,2024-03-05
33,240,2024-03-27
34,32,2024-08-21
35,37,2024-05-25
36,106,2024-11-03
37,17,2024-09-21
38,187,2024-08-17
39,288,2024-07-13
40,246,2024-02-04
41,9,2024-02-18
42,240,2024-12-05
43,109,2024-06-21
44,144,2024-08-01
45,91,2024-03-16
46,24,2024-11-05
47,39,2024-05-25
48,104,2024-07-08
49,232,2024-06-04
50,279,2024-06-03
51,128,2024-01-07
52,8,2024-04-19
53,120,2024-05-19
54,242,2024-05-02
55,279,2024-12-14
56,90,2024-09-02
57,282,2024-05-07
58,221,2024-09-16
59,85,2024-12-19
60,210,2024-03-09
61,98,2024-04-06
62,232,2024-02-25
63,276,2024-04-05
64,63,2024-10-14
65,246,2024-09-21
66,34,2024-01-07
67,141,2024-12-10
68,274,2024-02-08
69,125,2024-07-19
70,80,2024-10-19
71,146,2024-07-13
72,287,2024-01-01
73,99,2024-06-14
74,14,2024-08-14
75,58,2024-10-18
76,271,2024-01-21
77,57,2024-03-07
78,134,2024-12-25
79,230,2024-06-06
80,122,2024-12-14
81,249,2024-08-09
82,182,2024-08-11
83,202,2024-12-04
84,120,2024-06-23
85,68,2024-06-24
86,47,2024-11-19
87,75,2024-11-22
88,253,2024-07-01
89,138,2024-08-04
90,273,2024-09-27
91,85,2024-06-07
92,148,2024-02-25
93,89,2024-01-16
94,129,2024-03-01
95,26,2024-11-10
96,65,2024-07-12
97,154,2024-07-08
98,93,2024-04-09
99,182,2024-07-01
100,192,2024-05-21
101,168,2024-01-06
102,26,2024-04-02
103,221,2024-12-25
104,164,2024-04-09
105,42,2024-01-18
106,265,2024-03-06
107,194,2024-06-05
108,213,2024-10-07
109,242,2024-09-22
110,140,2024-07-20
111,103,2024-04-25
112,11,2024-10-22
113,188,2024-12-10
114,292,2024-08-02
115,31,2024-06-06
116,169,2024-12-06
117,66,2024-03-10
118,95,2024-02-09
119,272,2024-03-28
120,249,2024-10-16
121,194,2024-07-06
122,34,2024-10-03
123,31,2024-08-02
124,197,2024-10-16
125,12,2024-07-02
126,242,2024-04-27
127,68,2024-05-04
128,72,2024-11-04
129,282,2024-07-23
130,2,2024-11-07
131,290,2024-11-15
132,38,2024-05-23
133,219,2024-09-10
134,11,2024-09-12
135,22,2024-03-27
136,11,2024-06-17
137,35,2024-01-09
138,181,2024-03-02
139,78,2024-10-12
140,78,2024-09-08
141,134,2024-01-24
142,49,2024-07-03
143,150,2024-03-17
144,134,2024-09-22
145,168,2024-08-23
146,83,2024-01-12
147,48,2024-11-18
148,240,2024-01-22
149,161,2024-03-18
150,29,2024-02-24
151,177,2024-03-26
152,174,2024-06-13
153,136,2024-04-28
154,77,2024-04-08
155,23,2024-06-24
156,198,2024-12-07
157,157,2024-07-07
158,268,2024-08-11
159,7,2024-09-13
160,129,2024-05-02
161,45,2024-06-04
162,194,2024-09-05
163,43,2024-05-04
164,211,2024-10-16
165,55,2024-08-27
166,144,2024-10-09
167,10,2024-01-05
168,131,2024-03-07
169,21,2024-09-07
170,139,2024-02-19
171,261,2024-03-06
172,131,2024-09-04
173,199,2024-02-12
174,122,2024-12-05
175,209,2024-10-26
176,64,2024-06-15
177,125,2024-05-10
178,270,2024-11-06
179,75,2024-11-09
180,222,2024-05-09
181,95,2024-09-17
182,36,2024-10-26
183,193,2024-08-11
184,278,2024-01-07
185,252,2024-05-08
186,97,2024-08-03
187,254,2024-11-03
188,73,2024-02-03
189,73,2024-07-13
190,141,2024-03-21
191,85,2024-03-04
192,140,2024-02-12
193,90,2024-02-13
194,140,2024-03-14
195,51,2024-02-13
196,128,2024-05-26
197,255,2024-06-01
198,71,2024-08-11
199,244,2024-01-17
200,92,2024-01-21
201,176,2024-04-21
202,77,2024-07-22
203,157,2024-11-10
204,92,2024-06-01
205,225,2024-09-15
206,78,2024-11-01
207,293,2024-03-28
208,41,2024-10-11
209,238,2024-05-06
210,298,2024-09-20
211,130,2024-08-02
212,203,2024-07-27
213,97,2024-04-26
214,224,2024-03-13
215,280,2024-07-21
216,139,2024-10-04
217,101,2024-11-27
218,240,2024-08-02
219,70,2024-04-25
220,125,2024-01-20
221,231,2024-07-11
222,210,2024-07-18
223,153,2024-03-02
224,114,2024-10-15
225,184,2024-08-22
226,58,2024-11-10
227,58,2024-01-11
228,191,2024-11-27
229,94,2024-10-18
230,34,2024-09-07
231,271,2024-11-09
232,134,2024-08-14
233,268,2024-10-06
234,263,2024-05-17
235,186,2024-11-23
236,222,2024-05-27
237,83,2024-12-03
238,267,2024-05-25
239,69,2024-08-06
240,85,2024-05-13
241,71,2024-07-24
242,101,2024-05-02
243,139,2024-09-10
244,83,2024-06-03
245,32,2024-04-18
246,33,2024-09-21
247,81,2024-06-17
248,124,2024-01-15
249,118,2024-07-03
250,107,2024-03-27
251,111,2024-08-07
252,265,2024-10-27
253,42,2024-09-10
254,189,2024-04-15
255,163,2024-04-08
256,300,2024-03-18
257,288,2024-07-25
258,5,2024-08-09
259,286,2024-12-22
260,171,2024-07-25
261,169,2024-07-07
262,73,2024-01-24
263,119,2024-10-12
264,236,2024-06-26
265,93,2024-01-20
266,201,2024-09-26
267,245,2024-09-21
268,123,2024-01-27
269,178,2024-03-15
270,124,2024-06-08
271,76,2024-05-24
272,142,2024-01-02
273,80,2024-10-11
274,42,2024-01-24
275,83,2024-12-13
276,175,2024-07-08
277,267,2024-11-28
278,176,2024-03-08
279,253,2024-03-15
280,91,2024-05-08
281,230,2024-08-13
282,108,2024-12-22
283,72,2024-09-22
284,52,2024-07-13
285,97,2024-10-21
286,188,2024-11-26
287,199,2024-03-27
288,85,2024-12-03
289,148,2024-12-24
290,108,2024-12-07
291,115,2024-05-01
292,122,2024-06-23
293,22,2024-03-01
294,173,2024-06-09
295,48,2024-12-10
296,199,2024-07-12
297,134,2024-08-17
298,7,2024-05-16
299,162,2024-10-10
300,159,2024-12-25
301,51,2024-11-08
302,158,2024-05-28
303,98,2024-04-24
304,239,2024-10-14
305,299,2024-11-18
306,117,2024-11-22
307,60,2024-05-12
308,47,2024-04-02
309,102,2024-11-03
310,57,2024-11-02
311,145,2024-07-17
312,235,2024-04-01
313,158,2024-12-12
314,77,2024-07-06
315,78,2024-03-09
316,64,2024-03-16
317,126,2024-08-25
318,67,2024-11-03
319,278,2024-06-14
320,187,2024-01-28
321,239,2024-09-22
322,109,2024-10-08
323,82,2024-03-05
324,43,2024-07-06
325,154,2024-09-03
326,215,2024-10-17
327,244,2024-05-12
328,18,2024-04-26
329,140,2024-04-14
330,143,2024-05-24
331,147,2024-07-03
332,173,2024-10-28
333,70,2024-09-18
334,112,2024-04-10
335,61,2024-11-11
336,56,2024-07-06
337,57,2024-04-26
338,8,2024-06-15
339,152,2024-01-04
340,115,2024-10-12
341,192,2024-01-04
342,62,2024-11-05
343,233,2024-11-18
344,258,2024-12-07
345,254,2024-02-04
346,185,2024-12-28
347,148,2024-06-14
348,231,2024-12-09
349,197,2024-08-24
350,272,2024-05-20
351,215,2024-11-26
352,78,2024-09-16
353,138,2024-03-23
354,152,2024-09-19
355,159,2024-12-22
356,293,2024-01-02
357,45,2024-09-09
358,122,2024-12-16
359,272,2024-02-24
360,75,2024-06-04
361,28,2024-10-07
362,29,2024-08-03
363,84,2024-05-14
364,114,2024-04-11
365,81,2024-03-24
366,48,2024-03-19
367,4,2024-08-11
368,107,2024-05-23
369,97,2024-11-28
370,94,2024-09-07
371,103,2024-09-24
372,225,2024-12-10
373,74,2024-03-01
374,189,2024-06-25
375,269,2024-06-27
376,267,2024-03-21
377,86,2024-11-28
378,162,2024-06-10
379,54,2024-03-11
380,204,2024-12-17
381,9,2024-10-23
382,236,2024-04-14
383,67,2024-01-15
384,167,2024-05-23
385,89,2024-08-17
386,130,2024-01-04
387,42,2024-09-23
388,176,2024-05-11
389,43,2024-01-06
390,173,2024-03-03
391,139,2024-12-01
392,219,2024-08-19
393,158,2024-06-11
394,46,2024-03-21
395,178,2024-05-19
396,6,2024-08-22
397,218,2024-03-25
398,104,2024-07-25
399,92,2024-11-18
400,58,2024-02-23
401,35,2024-08-03
402,255,2024-12-15
403,140,2024-04-02
404,49,2024-03-28
405,70,2024-10-28
406,55,2024-06-08
407,262,2024-09-20
408,70,2024-10-28
409,219,2024-01-23
410,44,2024-11-17
411,21,2024-10-15
412,297,2024-02-20
413,239,2024-02-22
414,66,2024-12-18
415,45,2024-04-27
416,294,2024-04-19
417,5,2024-01-05
418,43,2024-02-01
419,79,2024-08-24
420,286,2024-02-12
421,210,2024-07-14
422,216,2024-12-25
423,39,2024-02-15
424,126,2024-09-23
425,48,2024-02-15
426,17,2024-12-28
427,163,2024-10-19
428,276,2024-12-13
429,19,2024-03-09
430,3,2024-09-25
431,277,2024-01-04
432,220,2024-10-18
433,140,2024-08-09
434,49,2024-08-06
435,1,2024-04-07
436,67,2024-07-18
437,21,2024-07-06
438,117,2024-01-10
439,21,2024-05-17
440,201,2024-10-17
441,23,2024-03-28
442,90,2024-05-02
443,70,2024-02-10
444,1,2024-05-05
445,113,2024-01-27
446,108,2024-05-03
447,146,2024-12-24
448,258,2024-06-22
449,285,2024-01-15
450,193,2024-02-06
451,39,2024-06-25
452,153,2024-08-06
453,199,2024-02-22
454,300,2024-02-23
455,40,2024-10-14
456,117,2024-01-04
457,105,2024-01-12
458,96,2024-08-08
459,211,2024-11-07
460,107,2024-10-14
461,139,2024-10-26
462,44,2024-03-14
463,298,2024-10-12
464,197,2024-06-18
465,96,2024-01-28
466,118,2024-07-06
467,124,2024-05-12
468,276,2024-01-17
469,290,2024-03-22
470,36,2024-10-11
471,247,2024-09-08
472,7,2024-11-26
473,129,2024-05-28
474,144,2024-12-04
475,230,2024-04-10
476,2,2024-05-06
477,275,2024-07-25
478,296,2024-09-02
479,25,2024-01-22
480,278,2024-10-02
481,175,2024-08-23
482,276,2024-03-11
483,206,2024-12-07
484,293,2024-05-27
485,130,2024-06-25
486,28,2024-10-13
487,127,2024-06-08
488,123,2024-09-12
489,202,2024-03-24
490,124,2024-07-10
491,86,2024-11-10
492,175,2024-01-21
493,88,2024-08-17
494,222,2024-02-23
495,68,2024-01-24
496,195,2024-08-12
497,179,2024-06-23
498,97,2024-03-03
499,102,2024-12-08
500,6,2024-11-26
501,285,2024-10-14
502,205,2024-08-16
503,106,2024-09-27
504,184,2024-03-07
505,67,2024-10-05
506,132,2024-07-25
507,163,2024-04-19
508,91,2024-05-10
509,73,2024-12-04
510,127,2024-08-23
511,214,2024-06-26
512,150,2024-09-23
513,244,2024-05-16
514,25,2024-01-18
515,144,2024-01-19
516,287,2024-02-28
517,271,2024-01-28
518,289,2024-06-26
519,39,2024-08-23
520,203,2024-06-14
521,83,2024-02-10
522,175,2024-07-06
523,245,2024-07-01
524,200,2024-06-06
525,115,2024-03-07
526,238,2024-10-10
527,49,2024-03-06
528,148,2024-11-12
529,249,2024-05-27
530,287,2024-12-20
531,228,2024-02-25
532,41,2024-11-13
533,1,2024-02-26
534,287,2024-12-03
535,264,2024-09-08
536,267,2024-07-04
537,198,2024-05-05
538,128,2024-08-16
539,80,2024-03-27
540,190,2024-08-04
541,286,2024-04-11
542,155,2024-02-15
543,75,2024-11-24
544,259,2024-12-13
545,91,2024-08-24
546,293,2024-06-20
547,94,2024-12-04
548,128,2024-03-14
549,125,2024-08-26
550,82,2024-07-14
551,294,2024-03-04
552,136,2024-03-01
553,258,2024-01-27
554,1,2024-08-20
555,147,2024-06-16
556,220,2024-10-26
557,217,2024-10-14
558,87,2024-10-03
559,236,2024-11-06
560,73,2024-02-23
561,14,2024-09-25
562,119,2024-05-18
563,62,2024-03-22
564,121,2024-02-08
565,43,2024-12-03
566,179,2024-08-26
567,32,2024-07-01
568,39,2024-07-08
569,58,2024-06-20
570,6,2024-06-19
571,213,2024-01-14
572,122,2024-03-22
573,106,2024-06-25
574,146,2024-11-19
575,83,2024-10-05
576,208,2024-09-28
577,31,2024-08-04
578,4,2024-04-02
579,73,2024-05-05
580,163,2024-05-20
581,34,2024-06-01
582,71,2024-11-08
583,212,2024-09-05
584,151,2024-06-14
585,196,2024-04-20
586,29,2024-04-19
587,16,2024-04-11
588,134,2024-12-10
589,8,2024-04-04
590,297,2024-10-10
591,58,2024-12-15
592,34,2024-03-20
593,8,2024-12-05
594,21,2024-07-19
595,132,2024-01-03
596,48,2024-12-12
597,37,2024-01-28
598,97,2024-08-14
599,206,2024-02-24
600,218,2024-12-08
601,296,2024-09-01
602,39,2024-11-28
603,131,2024-05-20
604,130,2024-09-25
605,68,2024-08-18
606,63,2024-07-10
607,236,2024-01-04
608,183,2024-10-11
609,72,2024-06-11
610,161,2024-02-03
611,205,2024-02-14
612,199,2024-02-18
613,254,2024-07-25
614,57,2024-03-01
615,161,2024-11-13
616,200,2024-12-04
617,283,2024-06-20
618,295,2024-03-02
619,94,2024-06-11
620,289,2024-05-10
621,169,2024-12-19
622,206,2024-08-12
623,237,2024-08-08
624,227,2024-10-22
625,251,2024-06-22
626,214,2024-05-22
627,202,2024-09-12
628,236,2024-02-23
629,263,2024-09-01
630,56,2024-03-22
631,212,2024-03-04
632,157,2024-08-13
633,119,2024-01-26
634,280,2024-06-01
635,161,2024-11-28
636,220,2024-11-04
637,282,2024-11-14
638,71,2024-08-04
639,213,2024-04-04
640,138,2024-09-25
641,239,2024-01-18
642,265,2024-02-12
643,96,2024-08-11
644,176,2024-05-18
645,23,2024-08-20
646,100,2024-12-03
647,139,2024-04-02
648,242,2024-08-08
649,85,2024-03-04
650,184,2024-01-25
651,200,2024-02-04
652,130,2024-01-08
653,279,2024-01-11
654,7,2024-04-03
655,23,2024-04-28
656,116,2024-07-19
657,188,2024-05-01
658,2,2024-11-15
659,52,2024-10-09
660,96,2024-04-10
661,272,2024-02-14
662,194,2024-12-11
663,150,2024-05-25
664,15,2024-10-17
665,271,2024-04-17
666,186,2024-06-23
667,184,2024-08-11
668,201,2024-05-23
669,78,2024-12-17
670,159,2024-07-07
671,215,2024-08-15
672,199,2024-01-19
673,145,2024-01-22
674,276,2024-07-05
675,138,2024-10-01
676,36,2024-02-04
677,16,2024-01-24
678,30,2024-09-16
679,269,2024-07-05
680,34,2024-01-19
681,201,2024-03-26
682,209,2024-04-27
683,90,2024-01-05
684,23,2024-12-22
685,243,2024-02-22
686,224,2024-02-09
687,241,2024-01-04
688,215,2024-12-17
689,6,2024-09-02
690,139,2024-11-15
691,128,2024-10-07
692,197,2024-12-19
693,273,2024-08-05
694,48,2024-10-27
695,237,2024-05-10
696,143,2024-11-20
697,196,2024-08-12
698,141,2024-06-12
699,113,2024-09-17
700,36,2024-01-08
701,275,2024-08-28
702,205,2024-04-24
703,274,2024-06-23
704,217,2024-04-21
705,235,2024-03-25
706,226,2024-09-16
707,240,2024-03-10
708,247,2024-02-22
709,141,2024-07-14
710,259,2024-03-01
711,36,2024-02-12
712,105,2024-01-11
713,156,2024-09-27
714,94,2024-06-13
715,59,2024-10-12
716,64,2024-01-16
717,258,2024-03-25
718,157,2024-09-16
719,284,2024-01-05
720,12,2024-01-03
721,258,2024-09-09
722,83,2024-03-20
723,169,2024-07-10
724,264,2024-10-27
725,32,2024-04-11
726,264,2024-06-21
727,130,2024-06-13
728,275,2024-02-07
729,12,2024-12-13
730,57,2024-01-02
731,120,2024-10-03
732,192,2024-07-12
733,274,2024-08-02
734,281,2024-01-18
735,123,2024-03-04
736,255,2024-06-15
737,88,2024-02-03
738,268,2024-11-11
739,78,2024-04-22
740,145,2024-01-12
741,56,2024-11-01
742,286,2024-10-08
743,280,2024-02-02
744,44,2024-05-09
745,235,2024-07-07
746,186,2024-05-24
747,128,2024-05-26
748,299,2024-01-06
749,288,2024-05-21
750,77,2024-06-06
751,225,2024-06-24
752,297,2024-05-19
753,181,2024-08-24
754,2,2024-06-20
755,274,2024-07-17
756,124,2024-01-25
757,44,2024-02-19
758,157,2024-12-17
759,26,2024-12-16
760,209,2024-04-23
761,182,2024-11-23
762,243,2024-04-12
763,64,2024-01-20
764,201,2024-06-05
765,112,2024-03-23
766,232,2024-05-04
767,217,2024-07-04
768,16,2024-07-25
769,189,2024-08-08
770,100,2024-02-23
771,64,2024-08-10
772,135,2024-10-15
773,169,2024-06-23
774,73,2024-04-05
775,269,2024-05-18
776,193,2024-03-11
777,270,2024-06-11
778,274,2024-02-01
779,244,2024-02-19
780,279,2024-07-16
781,28,2024-08-10
782,29,2024-10-24
783,37,2024-04-11
784,277,2024-12-18
785,245,2024-11-21
786,192,2024-09-10
787,106,2024-06-24
788,116,2024-11-17
789,7,2024-03-01
790,53,2024-08-18
791,211,2024-02-15
792,248,2024-11-07
793,208,2024-10-15
794,294,2024-02-22
795,121,2024-11-28
796,78,2024-01-13
797,3,2024-07-07
798,168,2024-12-11
799,45,2024-07-17
800,165,2024-11-23
801,162,2024-07-26
802,73,2024-06-15
803,254,2024-10-06
804,53,2024-12-13
805,232,2024-12-05
806,299,2024-03-05
807,34,2024-09-24
808,118,2024-01-28
809,85,2024-01-14
810,67,2024-01-25
811,254,2024-12-22
812,174,2024-08-05
813,5,2024-05-22
814,300,2024-01-20
815,25,2024-11-23
816,168,2024-03-23
817,85,2024-09-21
818,248,2024-06-02
819,141,2024-12-21
820,293,2024-10-20
821,271,2024-11-19
822,195,2024-03-25
823,238,2024-07-15
824,251,2024-02-22
825,107,2024-12-02
826,278,2024-03-22
827,297,2024-05-14
828,289,2024-04-25
829,20,2024-05-21
830,209,2024-12-27
831,118,2024-09-06
832,94,2024-01-16
833,210,2024-01-18
834,247,2024-04-03
835,172,2024-11-10
836,286,2024-07-12
837,148,2024-02-14
838,17,2024-03-06
839,75,2024-07-15
840,268,2024-10-11
841,137,2024-03-26
842,216,2024-12-13
843,283,2024-05-03
844,245,2024-11-04
845,197,2024-06-14
846,17,2024-05-25
847,241,2024-04-14
848,48,2024-04-10
849,214,2024-02-18
850,88,2024-11-04
851,10,2024-11-10
852,48,2024-08-05
853,20,2024-07-23
854,49,2024-02-05
855,280,2024-02-01
856,272,2024-11-21
857,132,2024-09-24
858,41,2024-04-24
859,62,2024-08-24
860,69,2024-02-02
861,49,2024-01-25
862,152,2024-05-26
863,171,2024-04-09
864,155,2024-09-17
865,290,2024-11-09
866,126,2024-07-20
867,78,2024-12-08
868,152,2024-08-10
869,168,2024-08-16
870,265,2024-12-20
871,180,2024-08-15
872,28,2024-05-06
873,63,2024-01-17
874,294,2024-04-26
875,65,2024-05-22
876,165,2024-05-13
877,210,2024-01-23
878,218,2024-02-24
879,185,2024-05-20
880,132,2024-09-05
881,156,2024-01-05
882,127,2024-11-27
883,221,2024-12-04
884,47,2024-09-10
885,257,2024-05-28
886,118,2024-03-12
887,234,2024-08-01
888,215,2024-06-06
889,184,2024-05-26
890,258,2024-02-06
891,16,2024-02-23
892,5,2024-12-05
893,176,2024-07-21
894,209,2024-04-08
895,207,2024-09-14
896,120,2024-10-25
897,151,2024-05-08
898,108,2024-07-07
899,73,2024-11-13
900,22,2024-01-05
901,266,2024-01-23
902,212,2024-05-25
903,283,2024-09-03
904,59,2024-01-16
905,191,2024-03-10
906,147,2024-02-07
907,166,2024-05-26
908,203,2024-08-19
909,285,2024-06-19
910,12,2024-04-08
911,292,2024-11-23
912,106,2024-02-02
913,171,2024-12-09
914,292,2024-12-22
915,205,2024-10-26
916,163,2024-06-14
917,290,2024-10-28
918,111,2024-10-17
919,274,2024-10-22
920,86,2024-03-24
921,139,2024-01-05
922,20,2024-10-05
923,55,2024-12-21
924,44,2024-06-23
925,23,2024-02-13
926,197,2024-12-03
927,286,2024-04-10
928,176,2024-06-20
929,299,2024-11-07
930,8,2024-05-08
931,183,2024-02-04
932,293,2024-11-17
933,297,2024-04-22
934,50,2024-10-20
935,51,2024-02-28
936,74,2024-06-17
937,131,2024-12-22
938,127,2024-03-23
939,94,2024-01-28
940,117,2024-03-09
941,207,2024-10-16
942,97,2024-08-18
943,292,2024-08-23
944,183,2024-01-14
945,6,2024-10-18
946,74,2024-07-16
947,185,2024-07-24
948,49,2024-12-28
949,203,2024-05-04
950,11,2024-01-20
951,19,2024-08-21
952,111,2024-03-22
953,89,2024-08-16
954,150,2024-05-07
955,115,2024-06-01
956,150,2024-11-20
957,193,2024-01-08
958,163,2024-02-14
959,31,2024-12-03
960,257,2024-06-28
961,217,2024-07-01
962,22,2024-03-19
963,58,2024-03-09
964,210,2024-07-23
965,117,2024-04-06
966,193,2024-02-07
967,229,2024-05-22
968,252,2024-04-25
969,197,2024-08-16
970,229,2024-06-14
971,68,2024-01-13
972,227,2024-06-10
973,269,2024-01-01
974,24,2024-10-20
975,273,2024-01-17
976,295,2024-06-01
977,235,2024-12-10
978,94,2024-09-09
979,288,2024-01-04
980,127,2024-02-05
981,265,2024-01-12
982,258,2024-04-06
983,128,2024-10-08
984,167,2024-12-14
985,206,2024-07-13
986,157,2024-10-17
987,174,2024-02-14
988,108,2024-04-05
989,176,2024-06-01
990,38,2024-05-26
991,61,2024-04-20
992,259,2024-07-03
993,119,2024-11-14
994,26,2024-09-13
995,87,2024-05-18
996,108,2024-11-10
997,137,2024-07-15
998,124,2024-08-08
999,161,2024-10-09
1000,297,2024-11-21
1001,88,2024-03-18
1002,293,2024-07-03
1003,87,2024-02-28
1004,136,2024-04-11
1005,228,2024-02-19
1006,65,2024-08-17
1007,124,2024-12-09
1008,176,2024-03-13
1009,145,2024-06-12
1010,297,2024-03-05
1011,10,2024-05-19
1012,176,2024-10-23
1013,244,2024-04-20
1014,40,2024-11-02
1015,168,2024-10-02
1016,56,2024-08-20
1017,106,2024-09-17
1018,187,2024-04-05
1019,236,2024-12-17
1020,205,2024-11-14
1021,139,2024-01-02
1022,196,2024-05-04
1023,54,2024-10-21
1024,73,2024-10-06
1025,267,2024-08-16
1026,37,2024-09-10
1027,258,2024-09-26
1028,48,2024-12-16
1029,219,2024-11-01
1030,113,2024-08-17
1031,224,2024-03-02
1032,155,2024-01-23
1033,90,2024-06-11
1034,67,2024-03-06
1035,299,2024-09-27
1036,51,2024-07-07
1037,208,2024-11-27
1038,191,2024-08-13
1039,237,2024-11-13
1040,262,2024-04-07
1041,247,2024-07-25
1042,105,2024-04-25
1043,163,2024-04-11
1044,43,2024-03-08
1045,14,2024-01-13
1046,201,2024-10-19
1047,226,2024-01-12
1048,250,2024-02-13
1049,66,2024-09-02
1050,203,2024-04-01
1051,182,2024-02-11
1052,33,2024-06-24
1053,111,2024-01-06
1054,80,2024-04-22
1055,75,2024-01-27
1056,54,2024-08-27
1057,201,2024-03-07
1058,190,2024-07-22
1059,75,2024-01-09
1060,300,2024-11-12
1061,182,2024-02-05
1062,90,2024-01-11
1063,176,2024-04-09
1064,98,2024-04-01
1065,267,2024-06-22
1066,259,2024-10-12
1067,133,2024-08-15
1068,163,2024-04-26
1069,247,2024-03-24
1070,26,2024-07-01
1071,225,2024-12-08
1072,200,2024-04-08
1073,195,2024-06-05
1074,300,2024-11-10
1075,112,2024-04-04
1076,224,2024-01-24
1077,299,2024-12-24
1078,164,2024-11-03
1079,31,2024-08-12
1080,52,2024-03-19
1081,88,2024-02-04
1082,240,2024-12-04
1083,187,2024-10-14
1084,241,2024-10-08
1085,21,2024-02-16
1086,102,2024-09-19
1087,201,2024-12-05
1088,229,2024-08-19
1089,255,2024-05-18
1090,190,2024-12-16
1091,246,2024-07-26
1092,118,2024-10-01
1093,116,2024-07-18
1094,241,2024-11-28
1095,232,2024-01-01
1096,72,2024-11-23
1097,281,2024-07-27
1098,285,2024-11-16
1099,196,2024-07-21
1100,261,2024-02-14
1101,106,2024-06-02
1102,13,2024-07-23
1103,157,2024-09-18
1104,260,2024-10-15
1105,210,2024-03-24
1106,71,2024-02-06
1107,257,2024-02-07
1108,60,2024-09-02
1109,29,2024-06-13
1110,291,2024-09-17
1111,185,2024-06-08
1112,173,2024-11-02
1113,293,2024-03-15
1114,245,2024-10-07
1115,265,2024-04-27
1116,252,2024-12-09
1117,99,2024-06-08
1118,60,2024-02-01
1119,157,2024-08-21
1120,51,2024-03-08
1121,157,2024-11-02
1122,157,2024-06-08
1123,243,2024-06-16
1124,253,2024-06-09
1125,241,2024-12-06
1126,4,2024-10-14
1127,188,2024-05-21
1128,201,2024-02-20
1129,277,2024-09-13
1130,213,2024-04-28
1131,52,2024-01-20
1132,149,2024-07-04
1133,10,2024-07-06
1134,164,2024-08-21
1135,10,2024-11-17
1136,178,2024-04-25
1137,71,2024-03-18
1138,27,2024-07-14
1139,196,2024-02-18
1140,99,2024-07-10
1141,250,2024-03-01
1142,123,2024-05-28
1143,273,2024-06-01
1144,259,2024-10-01
1145,73,2024-06-23
1146,277,2024-03-22
1147,280,2024-03-10
1148,282,2024-10-10
1149,84,2024-02-25
1150,186,2024-07-02
1151,83,2024-06-04
1152,13,2024-03-06
1153,168,2024-01-02
1154,70,2024-05-05
1155,231,2024-11-09
1156,266,2024-02-17
1157,94,2024-01-25
1158,173,2024-04-24
1159,278,2024-03-26
1160,215,2024-01-18
1161,263,2024-06-06
1162,198,2024-03-07
1163,28,2024-10-02
1164,101,2024-03-19
1165,258,2024-03-26
1166,209,2024-12-23
1167,242,2024-07-23
1168,298,2024-04-03
1169,257,2024-06-13
1170,201,2024-11-07
1171,75,2024-10-02
1172,68,2024-01-11
1173,173,2024-03-17
1174,123,2024-11-23
1175,187,2024-06-18
1176,183,2024-10-08
1177,232,2024-07-01
1178,188,2024-01-06
1179,164,2024-12-12
1180,186,2024-06-16
1181,293,2024-01-07
1182,124,2024-08-05
1183,227,2024-10-15
1184,284,2024-04-20
1185,6,2024-05-27
1186,185,2024-04-26
1187,276,2024-10-07
1188,76,2024-02-27
1189,90,2024-11-05
1190,69,2024-06-13
1191,248,2024-07-21
1192,193,2024-08-12
1193,275,2024-05-21
1194,147,2024-12-24
1195,157,2024-09-05
1196,190,2024-08-02
1197,282,2024-04-04
1198,239,2024-10-17
1199,26,2024-12-08
1200,158,2024-07-14
1201,268,2024-10-18
1202,55,2024-06-05
1203,202,2024-10-18
1204,162,2024-07-15
1205,259,2024-04-25
1206,234,2024-05-13
1207,260,2024-12-02
1208,255,2024-12-08
1209,267,2024-12-10
1210,121,2024-06-05
1211,118,2024-05-02
1212,138,2024-09-25
1213,170,2024-11-25
1214,18,2024-06-08
1215,71,2024-10-05
1216,222,2024-03-06
1217,275,2024-10-16
1218,43,2024-09-19
1219,28,2024-08-07
1220,13,2024-08-27
1221,154,2024-02-12
1222,3,2024-07-17
1223,55,2024-04-13
1224,30,2024-11-24
1225,184,2024-09-08
1226,177,2024-09-09
1227,4,2024-09-16
1228,174,2024-02-07
1229,35,2024-03-06
1230,94,2024-12-22
1231,236,2024-07-16
1232,156,2024-06-16
1233,195,2024-11-06
1234,53,2024-07-22
1235,117,2024-11-08
1236,143,2024-12-21
1237,46,2024-02-09
1238,131,2024-05-25
1239,63,2024-04-28
1240,9,2024-01-28
1241,73,2024-12-10
1242,36,2024-09-01
1243,296,2024-01-10
1244,119,2024-09-24
1245,193,2024-05-25
1246,234,2024-02-15
1247,251,2024-12-10
1248,159,2024-08-18
1249,120,2024-01-07
1250,207,2024-08-07
1251,239,2024-10-02
1252,231,2024-12-11
1253,284,2024-05-17
1254,99,2024-11-27
1255,182,2024-06-23
1256,204,2024-04-01
1257,9,2024-10-20
1258,250,2024-05-20
1259,279,2024-10-28
1260,48,2024-12-10
1261,249,2024-07-03
1262,188,2024-08-12
1263,227,2024-10-10
1264,282,2024-08-27
1265,23,2024-04-08
1266,280,2024-03-19
1267,2,2024-06-06
1268,172,2024-10-25
1269,93,2024-11-19
1270,238,2024-10-16
1271,106,2024-01-17
1272,161,2024-03-26
1273,135,2024-02-16
1274,296,2024-12-10
1275,157,2024-07-05
1276,163,2024-12-25
1277,257,2024-03-01
1278,209,2024-04-20
1279,174,2024-11-04
1280,292,2024-09-06
1281,19,2024-03-18
1282,164,2024-03-10
1283,142,2024-02-04
1284,257,2024-07-21
1285,131,2024-07-18
1286,148,2024-11-14
1287,135,2024-05-14
1288,164,2024-03-24
1289,75,2024-02-11
1290,53,2024-10-10
1291,296,2024-06-16
1292,141,2024-11-11
1293,162,2024-07-12
1294,11,2024-10-21
1295,5,2024-03-09
1296,107,2024-06-16
1297,43,2024-03-26
1298,147,2024-08-21
1299,188,2024-09-20
1300,219,2024-11-15
1301,65,2024-06-19
1302,53,2024-10-08
1303,78,2024-08-24
1304,132,2024-03-17
1305,63,2024-04-07
1306,148,2024-07-16
1307,70,2024-06-06
1308,133,2024-07-13
1309,34,2024-07-05
1310,213,2024-03-28
1311,198,2024-06-24
1312,100,2024-06-18
1313,219,2024-09-19
1314,217,2024-04-08
1315,271,2024-02-28
1316,127,2024-03-13
1317,41,2024-08-23
1318,122,2024-01-22
1319,106,2024-08-16
1320,92,2024-12-18
1321,175,2024-12-12
1322,298,2024-05-01
1323,281,2024-12-27
1324,149,2024-09-08
1325,144,2024-09-28
1326,130,2024-05-07
1327,108,2024-02-11
1328,99,2024-11-26
1329,242,2024-08-09
1330,104,2024-06-19
1331,300,2024-11-28
1332,27,2024-01-01
1333,169,2024-02-05
1334,106,2024-08-08
1335,287,2024-04-20
1336,25,2024-12-02
1337,24,2024-01-12
1338,124,2024-05-19
1339,291,2024-09-14
1340,228,2024-03-22
1341,263,2024-10-13
1342,222,2024-10-07
1343,40,2024-04-17
1344,71,2024-11-06
1345,247,2024-01-11
1346,124,2024-03-16
1347,278,2024-11-25
1348,239,2024-07-17
1349,221,2024-10-18
1350,237,2024-02-20
1351,219,2024-11-16
1352,231,2024-05-05
1353,190,2024-08-21
1354,272,2024-09-14
1355,235,2024-01-20
1356,224,2024-10-14
1357,271,2024-08-04
1358,220,2024-03-05
1359,236,2024-12-28
1360,44,2024-11-12
1361,178,2024-11-17
1362,118,2024-01-02
1363,37,2024-05-21
1364,178,2024-10-21
1365,78,2024-02-21
1366,294,2024-07-03
1367,37,2024-08-03
1368,236,2024-02-08
1369,67,2024-09-14
1370,95,2024-01-02
1371,90,2024-09-04
1372,299,2024-04-17
1373,125,2024-02-10
1374,195,2024-02-14
1375,243,2024-08-07
1376,40,2024-01-19
1377,219,2024-05-17
1378,273,2024-09-07
1379,214,2024-01-24
1380,73,2024-06-06
1381,178,2024-01-24
1382,214,2024-12-17
1383,43,2024-02-05
1384,57,2024-03-16
1385,167,2024-09-10
1386,221,2024-11-05
1387,73,2024-04-07
1388,276,2024-08-10
1389,209,2024-12-19
1390,76,2024-07-03
1391,24,2024-01-24
1392,127,2024-01-06
1393,1,2024-02-10
1394,208,2024-05-20
1395,212,2024-11-26
1396,43,2024-09-16
1397,40,2024-01-27
1398,173,2024-11-04
1399,112,2024-07-12
1400,157,2024-02-07
1401,120,2024-08-23
1402,191,2024-06-14
1403,61,2024-07-16
1404,57,2024-08-01
1405,4,2024-05-28
1406,71,2024-11-12
1407,109,2024-02-07
1408,123,2024-10-25
1409,208,2024-05-23
1410,80,2024-03-17
1411,189,2024-10-19
1412,133,2024-06-06
1413,57,2024-09-15
1414,152,2024-07-18
1415,186,2024-01-17
1416,254,2024-07-16
1417,19,2024-10-08
1418,258,2024-02-02
1419,108,2024-12-24
1420,259,2024-11-13
1421,42,2024-12-22
1422,270,2024-07-17
1423,159,2024-08-18
1424,114,2024-12-03
1425,186,2024-09-03
1426,51,2024-07-17
1427,3,2024-11-20
1428,278,2024-03-14
1429,88,2024-07-07
1430,25,2024-07-02
1431,282,2024-02-28
1432,153,2024-08-15
1433,3,2024-03-16
1434,144,2024-07-21
1435,63,2024-05-01
1436,61,2024-08-17
1437,24,2024-09-18
1438,163,2024-12-09
1439,232,2024-02-10
1440,2,2024-08-20
1441,216,2024-10-21
1442,200,2024-01-13
1443,86,2024-11-25
1444,67,2024-12-10
1445,295,2024-03-14
1446,9,2024-03-05
1447,165,2024-11-08
1448,286,2024-06-08
1449,166,2024-08-16
1450,9,2024-08-13
1451,220,2024-02-06
1452,235,2024-03-20
1453,257,2024-10-15
1454,241,2024-09-25
1455,7,2024-01-14
1456,59,2024-02-05
1457,78,2024-11-07
1458,165,2024-10-25
1459,109,2024-06-07
1460,69,2024-05-13
1461,215,2024-04-25
1462,188,2024-08-14
1463,175,2024-04-10
1464,5,2024-11-27
1465,194,2024-12-02
1466,2,2024-09-18
1467,121,2024-11-18
1468,135,2024-03-07
1469,28,2024-08-17
1470,228,2024-04-11
1471,177,2024-04-18
1472,17,2024-03-03
1473,94,2024-01-02
1474,87,2024-02-05
1475,215,2024-04-01
1476,154,2024-02-10
1477,7,2024-07-18
1478,44,2024-11-09
1479,152,2024-10-06
1480,99,2024-12-15
1481,238,2024-02-02
1482,285,2024-05-26
1483,192,2024-01-05
1484,183,2024-11-16
1485,32,2024-11-04
1486,96,2024-04-22
1487,196,2024-08-25
1488,242,2024-09-01
1489,258,2024-03-18
1490,179,2024-04-23
1491,110,2024-07-21
1492,201,2024-04-22
1493,279,2024-09-20
1494,161,2024-11-23
1495,195,2024-10-26
1496,57,2024-04-22
1497,104,2024-08-16
1498,266,2024-11-07
1499,36,2024-04-15
1500,281,2024-11-13
1501,195,2024-02-13
1502,211,2024-06-19
1503,255,2024-03-06
1504,173,2024-08-23
1505,148,2024-10-04
1506,280,2024-01-03
1507,198,2024-01-12
1508,162,2024-11-17
1509,161,2024-11-16
1510,34,2024-05-15
1511,42,2024-11-08
1512,224,2024-11-05
1513,299,2024-04-02
1514,227,2024-09-04
1515,158,2024-06-17
1516,176,2024-06-27
1517,50,2024-11-11
1518,163,2024-11-07
1519,39,2024-04-27
1520,200,2024-01-14
1521,295,2024-03-05
1522,115,2024-10-20
1523,226,2024-06-13
1524,252,2024-05-16
1525,93,2024-07-23
1526,86,2024-02-04
1527,159,2024-08-13
1528,176,2024-11-15
1529,98,2024-04-13
1530,138,2024-01-04
1531,65,2024-08-26
1532,70,2024-09-26
1533,121,2024-04-15
1534,184,2024-06-01
1535,103,2024-03-09
1536,216,2024-09-26
1537,99,2024-08-28
1538,158,2024-07-16
1539,227,2024-12-08
1540,47,2024-01-06
1541,16,2024-04-20
1542,211,2024-06-27
1543,230,2024-08-14
1544,38,2024-09-06
1545,138,2024-12-12
1546,79,2024-08-23
1547,63,2024-03-20
1548,207,2024-05-17
1549,21,2024-09-03
1550,99,2024-05-16
1551,173,2024-11-16
1552,191,2024-02-19
1553,98,2024-10-20
1554,240,2024-11-06
1555,264,2024-08-08
1556,4,2024-10-08
1557,116,2024-03-27
1558,142,2024-03-21
1559,78,2024-10-06
1560,223,2024-01-01
1561,170,2024-04-14
1562,20,2024-07-12
1563,295,2024-08-25
1564,190,2024-06-24
1565,46,2024-04-17
1566,41,2024-12-23
1567,61,2024-01-14
1568,288,2024-01-12
1569,53,2024-09-14
1570,152,2024-08-18
1571,79,2024-08-25
1572,140,2024-07-10
1573,130,2024-07-21
1574,83,2024-07-22
1575,230,2024-07-05
1576,90,2024-01-12
1577,256,2024-12-20
1578,279,2024-09-25
1579,153,2024-04-24
1580,233,2024-01-18
1581,228,2024-07-10
1582,41,2024-12-27
1583,71,2024-12-24
1584,33,2024-03-04
1585,36,2024-05-18
1586,97,2024-07-21
1587,72,2024-12-11
1588,233,2024-02-18
1589,26,2024-11-05
1590,209,2024-06-07
1591,23,2024-12-23
1592,31,2024-08-27
1593,229,2024-05-23
1594,270,2024-03-03
1595,29,2024-01-22
1596,17,2024-03-01
1597,82,2024-12-13
1598,235,2024-05-13
1599,120,2024-09-06
1600,21,2024-09-13
1601,123,2024-03-12
1602,164,2024-03-07
1603,226,2024-09-23
1604,277,2024-11-27
1605,19,2024-04-26
1606,1,2024-03-13
1607,117,2024-06-23
1608,276,2024-08-28
1609,91,2024-10-09
1610,111,2024-07-08
1611,76,2024-11-02
1612,166,2024-01-21
1613,178,2024-03-11
1614,151,2024-05-18
1615,225,2024-03-18
1616,113,2024-02-24
1617,76,2024-12-05
1618,156,2024-01-27
1619,255,2024-04-19
1620,8,2024-03-27
1621,76,2024-04-23
1622,70,2024-03-04
1623,266,2024-06-12
1624,12,2024-07-18
1625,138,2024-10-07
1626,55,2024-10-05
1627,208,2024-02-09
1628,37,2024-07-05
1629,248,2024-03-04
1630,261,2024-03-17
1631,83,2024-01-01
1632,109,2024-09-04
1633,198,2024-07-16
1634,118,2024-05-08
1635,46,2024-09-01
1636,252,2024-02-24
1637,4,2024-04-14
1638,252,2024-08-02
1639,174,2024-03-08
1640,150,2024-12-08
1641,158,2024-06-17
1642,111,2024-04-07
1643,178,2024-05-11
1644,50,2024-01-18
1645,4,2024-06-14
1646,127,2024-05-04
1647,266,2024-03-11
1648,39,2024-10-06
1649,213,2024-06-18
1650,6,2024-04-06
1651,163,2024-06-08
1652,115,2024-10-02
1653,184,2024-12-14
1654,200,2024-09-03
1655,202,2024-08-05
1656,276,2024-11-05
1657,155,2024-11-05
1658,231,2024-12-21
1659,194,2024-03-19
1660,107,2024-09-27
1661,58,2024-01-20
1662,81,2024-06-01
1663,279,2024-04-08
1664,171,2024-12-25
1665,252,2024-11-11
1666,175,2024-07-25
1667,238,2024-11-07
1668,18,2024-12-01
1669,279,2024-03-26
1670,65,2024-01-11
1671,112,2024-07-03
1672,3,2024-09-10
1673,165,2024-07-25
1674,115,2024-02-25
1675,167,2024-07-14
1676,55,2024-02-24
1677,232,2024-09-17
1678,23,2024-05-01
1679,149,2024-12-20
1680,235,2024-11-20
1681,226,2024-11-03
1682,212,2024-08-28
1683,235,2024-12-11
1684,241,2024-06-04
1685,103,2024-08-18
1686,236,2024-06-07
1687,119,2024-05-21
1688,96,2024-08-26
1689,174,2024-04-09
1690,32,2024-03-04
1691,271,2024-11-02
1692,205,2024-02-19
1693,169,2024-12-26
1694,34,2024-09-24
1695,155,2024-06-11
1696,182,2024-02-03
1697,75,2024-08-08
1698,110,2024-11-25
1699,117,2024-05-04
1700,144,2024-08-07
1701,182,2024-01-26
1702,161,2024-01-08
1703,285,2024-02-09
1704,134,2024-12-27
1705,108,2024-03-12
1706,162,2024-09-01
1707,135,2024-01-07
1708,52,2024-06-28
1709,143,2024-09-21
1710,182,2024-12-25
1711,155,2024-12-18
1712,83,2024-06-21
1713,173,2024-07-16
1714,227,2024-05-05
1715,254,2024-07-11
1716,219,2024-02-13
1717,200,2024-12-06
1718,286,2024-01-22
1719,201,2024-08-12
1720,48,2024-04-12
1721,188,2024-05-23
1722,96,2024-08-25
1723,164,2024-12-16
1724,41,2024-11-04
1725,233,2024-05-17
1726,42,2024-03-04
1727,197,2024-12-10
1728,33,2024-11-10
1729,115,2024-11-24
1730,32,2024-05-27
1731,153,2024-10-23
1732,159,2024-04-23
1733,175,2024-05-03
1734,107,2024-12-01
1735,177,2024-07-19
1736,159,2024-10-14
1737,181,2024-08-22
1738,116,2024-06-01
1739,192,2024-07-27
1740,185,2024-06-07
1741,41,2024-06-17
1742,34,2024-05-21
1743,267,2024-10-21
1744,101,2024-10-05
1745,223,2024-03-08
1746,172,2024-05-14
1747,67,2024-09-17
1748,247,2024-09-03
1749,2,2024-02-18
1750,53,2024-10-13
1751,294,2024-04-27
1752,173,2024-01-28
1753,44,2024-12-24
1754,258,2024-08-01
1755,69,2024-02-20
1756,247,2024-01-18
1757,279,2024-12-01
1758,250,2024-05-26
1759,30,2024-05-18
1760,185,2024-08-15
1761,98,2024-04-26
1762,67,2024-07-20
1763,293,2024-03-17
1764,48,2024-05-06
1765,33,2024-08-01
1766,204,2024-02-05
1767,299,2024-08-01
1768,281,2024-08-25
1769,108,2024-09-28
1770,224,2024-11-06
1771,9,2024-12-25
1772,32,2024-03-13
1773,106,2024-01-25
1774,159,2024-03-26
1775,267,2024-05-05
1776,3,2024-07-24
1777,58,2024-09-18
1778,159,2024-09-24
1779,44,2024-04-16
1780,115,2024-02-06
1781,207,2024-07-09
1782,25,2024-06-19
1783,49,2024-12-23
1784,221,2024-08-16
1785,90,2024-10-15
1786,295,2024-04-25
1787,186,2024-10-15
1788,4,2024-12-11
1789,275,2024-08-02
1790,31,2024-06-01
1791,37,2024-07-14
1792,191,2024-05-18
1793,271,2024-10-23
1794,76,2024-05-12
1795,16,2024-05-09
1796,184,2024-07-20
1797,22,2024-05-13
1798,243,2024-01-05
1799,183,2024-07-12
1800,262,2024-10-17
1801,255,2024-01-16
1802,285,2024-08-05
1803,20,2024-11-08
1804,123,2024-12-21
1805,144,2024-04-06
1806,59,2024-11-09
1807,216,2024-10-24
1808,114,2024-02-03
1809,172,2024-11-09
1810,59,2024-05-13
1811,273,2024-04-14
1812,142,2024-12-22
1813,83,2024-06-19
1814,98,2024-06-28
1815,10,2024-07-03
1816,223,2024-07-01
1817,221,2024-01-23
1818,182,2024-07-21
1819,235,2024-08-07
1820,228,2024-01-05
1821,36,2024-12-01
1822,203,2024-05-07
1823,94,2024-08-02
1824,32,2024-06-02
1825,235,2024-02-18
1826,11,2024-04-01
1827,27,2024-05-12
1828,176,2024-11-26
1829,7,2024-03-15
1830,131,2024-10-01
1831,162,2024-09-04
1832,288,2024-02-22
1833,26,2024-08-05
1834,131,2024-01-14
1835,197,2024-01-17
1836,118,2024-04-18
1837,63,2024-01-06
1838,161,2024-03-07
1839,271,2024-11-25
1840,297,2024-07-16
1841,149,2024-03-14
1842,173,2024-03-28
1843,298,2024-11-25
1844,254,2024-06-11
1845,52,2024-11-05
1846,111,2024-10-18
1847,154,2024-07-24
1848,217,2024-11-23
1849,262,2024-07-11
1850,94,2024-02-22
1851,179,2024-03-21
1852,21,2024-12-27
1853,287,2024-09-11
1854,263,2024-10-02
1855,160,2024-03-04
1856,92,2024-10-14
1857,267,2024-12-26
1858,96,2024-06-02
1859,168,2024-04-20
1860,37,2024-06-21
1861,180,2024-04-08
1862,118,2024-12-13
1863,74,2024-10-06
1864,160,2024-07-22
1865,71,2024-11-18
1866,19,2024-09-27
1867,5,2024-10-14
1868,61,2024-03-28
1869,35,2024-12-27
1870,45,2024-02-08
1871,231,2024-09-24
1872,134,2024-02-16
1873,171,2024-08-02
1874,129,2024-05-12
1875,185,2024-04-24
1876,207,2024-10-19
1877,180,2024-01-23
1878,104,2024-05-03
1879,60,2024-10-26
1880,258,2024-05-01
1881,125,2024-09-27
1882,243,2024-12-15
1883,68,2024-08-16
1884,289,2024-11-24
1885,50,2024-10-28
1886,256,2024-09-12
1887,268,2024-11-26
1888,207,2024-02-26
1889,177,2024-02-04
1890,1,2024-05-08
1891,111,2024-06-28
1892,276,2024-03-10
1893,189,2024-11-25
1894,129,2024-10-14
1895,191,2024-05-25
1896,138,2024-08-09
1897,5,2024-07-23
1898,268,2024-04-20
1899,16,2024-10-10
1900,141,2024-12-28
1901,78,2024-07-01
1902,81,2024-07-09
1903,218,2024-08-19
1904,48,2024-02-02
1905,293,2024-07-13
1906,243,2024-04-28
1907,138,2024-09-14
1908,198,2024-11-27
1909,188,2024-11-28
1910,13,2024-12-03
1911,242,2024-04-01
1912,190,2024-04-17
1913,201,2024-10-21
1914,264,2024-07-09
1915,281,2024-04-13
1916,256,2024-07-28
1917,142,2024-11-22
1918,86,2024-02-03
1919,181,2024-07-03
1920,226,2024-12-09
1921,74,2024-01-04
1922,140,2024-11-05
1923,196,2024-05-24
1924,114,2024-01-24
1925,30,2024-10-12
1926,247,2024-07-17
1927,141,2024-09-15
1928,202,2024-03-16
1929,138,2024-01-13
1930,141,2024-07-08
1931,61,2024-06-09
1932,3,2024-06-08
1933,57,2024-07-17
1934,176,2024-04-25
1935,256,2024-03-20
1936,58,2024-03-18
1937,247,2024-03-16
1938,219,2024-10-22
1939,244,2024-08-28
1940,237,2024-06-08
1941,54,2024-11-06
1942,22,2024-01-24
1943,298,2024-04-26
1944,130,2024-03-17
1945,35,2024-04-14
1946,181,2024-07-15
1947,40,2024-06-26
1948,73,2024-02-23
1949,289,2024-12-28
1950,115,2024-09-26
1951,238,2024-01-21
1952,120,2024-07-14
1953,89,2024-09-24
1954,181,2024-12-24
1955,40,2024-05-18
1956,107,2024-02-22
1957,173,2024-12-11
1958,147,2024-06-25
1959,42,2024-12-09
1960,138,2024-03-01
1961,241,2024-07-09
1962,168,2024-12-18
1963,203,2024-05-19
1964,292,2024-03-13
1965,168,2024-05-23
1966,103,2024-11-26
1967,40,2024-10-12
1968,10,2024-07-01
1969,252,2024-10-16
1970,111,2024-08-11
1971,156,2024-11-15
1972,35,2024-07-14
1973,44,2024-02-15
1974,167,2024-04-08
1975,191,2024-04-22
1976,203,2024-07-14
1977,209,2024-10-06
1978,171,2024-05-07
1979,240,2024-08-12
1980,74,2024-09-16
1981,39,2024-12-28
1982,9,2024-02-14
1983,300,2024-11-23
1984,201,2024-02-25
1985,7,2024-11-16
1986,38,2024-12-26
1987,282,2024-11-20
1988,70,2024-01-10
1989,2,2024-11-08
1990,64,2024-12-10
1991,182,2024-01-21
1992,264,2024-10-14
1993,39,2024-08-06
1994,201,2024-01-15
1995,242,2024-06-18
1996,251,2024-05-28
1997,249,2024-06-06
1998,182,2024-04-11
1999,74,2024-04-01
2000,95,2024-09-04
2001,230,2024-08-15
2002,74,2024-08-10
2003,195,2024-01-02
2004,72,2024-06-04
2005,27,2024-02-12
2006,73,2024-08-02
2007,257,2024-05-07
2008,291,2024-08-14
2009,99,2024-06-13
2010,222,2024-03-15
2011,257,2024-04-07
2012,204,2024-05-14
2013,142,2024-07-27
2014,88,2024-02-08
2015,131,2024-07-17
2016,121,2024-06-19
2017,3,2024-09-16
2018,225,2024-04-07
2019,184,2024-01-03
2020,19,2024-11-18
2021,300,2024-10-17
2022,275,2024-01-26
2023,27,2024-06-11
2024,24,2024-09-15
2025,275,2024-01-14
2026,156,2024-05-28
2027,95,2024-08-20
2028,236,2024-11-20
2029,25,2024-03-18
2030,89,2024-07-05
2031,30,2024-06-26
2032,171,2024-08-02
2033,10,2024-11-13
2034,214,2024-09-07
2035,204,2024-10-20
2036,67,2024-11-22
2037,208,2024-03-21
2038,30,2024-10-11
2039,49,2024-02-15
2040,122,2024-05-21
2041,213,2024-03-17
2042,197,2024-08-25
2043,200,2024-04-09
2044,274,2024-11-26
2045,43,2024-08-23
2046,189,2024-06-04
2047,3,2024-06-08
2048,52,2024-11-17
2049,130,2024-10-17
2050,298,2024-12-14
2051,10,2024-04-22
2052,169,2024-07-02
2053,111,2024-03-08
2054,167,2024-12-02
2055,220,2024-12-06
2056,104,2024-11-05
2057,80,2024-01-25
2058,14,2024-03-01
2059,70,2024-02-07
2060,124,2024-11-05
2061,148,2024-11-03
2062,131,2024-11-02
2063,73,2024-06-17
2064,1,2024-06-02
2065,161,2024-06-16
2066,296,2024-02-04
2067,180,2024-10-13
2068,76,2024-07-25
2069,75,2024-08-24
2070,120,2024-09-05
2071,73,2024-08-01
2072,212,2024-06-05
2073,3,2024-08-25
2074,249,2024-07-08
2075,257,2024-06-23
2076,47,2024-12-11
2077,86,2024-12-01
2078,106,2024-12-17
2079,190,2024-08-25
2080,112,2024-04-07
2081,201,2024-09-15
2082,33,2024-01-24
2083,177,2024-05-11
2084,148,2024-02-18
2085,238,2024-01-25
2086,121,2024-01-27
2087,226,2024-03-10
2088,196,2024-09-17
2089,256,2024-02-04
2090,65,2024-10-25
2091,33,2024-11-28
2092,176,2024-11-26
2093,109,2024-03-21
2094,127,2024-02-07
2095,191,2024-11-28
2096,167,2024-11-18
2097,281,2024-05-18
2098,97,2024-11-10
2099,89,2024-02-22
2100,252,2024-11-14
2101,42,2024-07-17
2102,248,2024-02-14
2103,38,2024-10-05
2104,190,2024-09-04
2105,179,2024-05-23
2106,240,2024-10-04
2107,240,2024-05-15
2108,199,2024-11-06
2109,159,2024-06-19
2110,86,2024-04-25
2111,49,2024-06-23
2112,114,2024-04-03
2113,173,2024-05-04
2114,57,2024-07-17
2115,221,2024-12-25
2116,288,2024-08-03
2117,170,2024-02-04
2118,285,2024-04-06
2119,23,2024-02-27
2120,131,2024-02-15
2121,213,2024-02-16
2122,208,2024-01-09
2123,165,2024-12-07
2124,158,2024-10-26
2125,196,2024-01-19
2126,64,2024-02-26
2127,24,2024-06-19
2128,32,2024-01-21
2129,203,2024-05-01
2130,158,2024-09-21
2131,144,2024-07-14
2132,175,2024-03-13
2133,87,2024-05-20
2134,101,2024-05-16
2135,196,2024-04-07
2136,84,2024-06-26
2137,249,2024-10-22
2138,39,2024-06-14
2139,282,2024-10-03
2140,216,2024-09-27
2141,109,2024-09-24
2142,90,2024-12-17
2143,44,2024-05-08
2144,5,2024-12-26
2145,77,2024-01-19
2146,268,2024-08-14
2147,104,2024-04-10
2148,181,2024-06-12
2149,132,2024-08-16
2150,253,2024-05-10
2151,249,2024-08-23
2152,138,2024-05-02
2153,234,2024-05-10
2154,83,2024-12-28
2155,205,2024-01-14
2156,133,2024-09-24
2157,266,2024-04-15
2158,76,2024-09-14
2159,111,2024-11-11
2160,239,2024-07-12
2161,266,2024-03-02
2162,83,2024-02-27
2163,238,2024-08-04
2164,64,2024-07-17
2165,109,2024-05-09
2166,262,2024-09-02
2167,219,2024-06-08
2168,137,2024-06-26
2169,228,2024-07-16
2170,236,2024-12-25
2171,144,2024-09-08
2172,89,2024-02-02
2173,91,2024-03-14
2174,31,2024-12-24
2175,164,2024-05-09
2176,107,2024-01-01
2177,93,2024-01-14
2178,171,2024-03-02
2179,97,2024-12-10
2180,279,2024-02-14
2181,298,2024-04-21
2182,102,2024-02-27
2183,8,2024-10-24
2184,114,2024-05-28
2185,222,2024-11-27
2186,271,2024-05-13
2187,46,2024-04-26
2188,136,2024-02-13
2189,298,2024-05-12
2190,37,2024-02-10
2191,158,2024-11-11
2192,101,2024-08-21
2193,23,2024-05-18
2194,106,2024-06-28
2195,154,2024-07-01
2196,273,2024-07-24
2197,85,2024-01-05
2198,109,2024-06-20
2199,27,2024-09-20
2200,11,2024-01-15
2201,70,2024-09-10
2202,70,2024-01-04
2203,43,2024-07-16
2204,284,2024-12-11
2205,25,2024-11-03
2206,300,2024-09-06
2207,184,2024-07-10
2208,221,2024-02-17
2209,51,2024-10-18
2210,219,2024-09-19
2211,134,2024-06-04
2212,293,2024-08-23
2213,182,2024-05-03
2214,219,2024-08-14
2215,179,2024-09-25
2216,39,2024-11-26
2217,70,2024-10-05
2218,176,2024-07-27
2219,100,2024-10-20
2220,105,2024-01-04
2221,230,2024-10-15
2222,109,2024-01-19
2223,237,2024-01-26
2224,85,2024-10-05
2225,11,2024-06-28
2226,248,2024-10-23
2227,268,2024-09-15
2228,124,2024-12-01
2229,171,2024-03-03
2230,173,2024-01-02
2231,56,2024-01-21
2232,198,2024-04-11
2233,119,2024-05-13
2234,124,2024-11-27
2235,266,2024-10-22
2236,142,2024-11-21
2237,242,2024-05-23
2238,182,2024-04-03
2239,180,2024-10-05
2240,120,2024-04-19
2241,156,2024-05-09
2242,31,2024-03-27
2243,283,2024-11-25
2244,28,2024-08-22
2245,293,2024-12-11
2246,155,2024-02-28
2247,225,2024-07-07
2248,99,2024-09-08
2249,278,2024-03-28
2250,278,2024-08-06
2251,45,2024-10-12
2252,24,2024-05-21
2253,130,2024-10-11
2254,271,2024-12-27
2255,224,2024-02-08
2256,150,2024-08-17
2257,204,2024-07-22
2258,266,2024-12-13
2259,66,2024-12-27
2260,287,2024-08-08
2261,11,2024-12-26
2262,96,2024-06-25
2263,188,2024-07-27
2264,135,2024-09-06
2265,251,2024-03-14
2266,101,2024-08-07
2267,280,2024-03-20
2268,244,2024-01-25
2269,286,2024-02-13
2270,92,2024-12-05
2271,187,2024-07-28
2272,107,2024-07-22
2273,156,2024-08-10
2274,75,2024-10-08
2275,180,2024-05-22
2276,286,2024-08-17
2277,152,2024-08-14
2278,251,2024-02-13
2279,41,2024-10-26
2280,11,2024-03-25
2281,128,2024-08-23
2282,45,2024-07-25
2283,164,2024-05-09
2284,116,2024-03-19
2285,287,2024-01-20
2286,42,2024-01-05
2287,186,2024-12-14
2288,61,2024-11-10
2289,218,2024-03-13
2290,261,2024-04-27
2291,53,2024-03-18
2292,286,2024-01-15
2293,197,2024-10-02
2294,169,2024-04-18
2295,240,2024-12-26
2296,240,2024-09-02
2297,159,2024-10-21
2298,18,2024-08-19
2299,252,2024-04-18
2300,155,2024-01-18
2301,193,2024-02-09
2302,243,2024-06-15
2303,160,2024-03-17
2304,144,2024-12-06
2305,73,2024-01-05
2306,286,2024-01-22
2307,67,2024-10-18
2308,51,2024-04-24
2309,112,2024-07-25
2310,240,2024-12-08
2311,283,2024-11-26
2312,184,2024-05-08
2313,241,2024-06-28
2314,268,2024-09-15
2315,32,2024-12-01
2316,44,2024-08-17
2317,293,2024-08-18
2318,275,2024-03-22
2319,145,2024-06-22
2320,25,2024-08-27
2321,240,2024-05-15
2322,149,2024-03-11
2323,212,2024-09-24
2324,76,2024-05-08
2325,296,2024-04-07
2326,112,2024-12-21
2327,188,2024-10-27
2328,52,2024-08-19
2329,3,2024-10-09
2330,266,2024-07-11
2331,49,2024-11-11
2332,88,2024-12-11
2333,170,2024-01-18
2334,96,2024-08-06
2335,26,2024-08-20
2336,233,2024-12-09
2337,85,2024-09-15
2338,52,2024-08-15
2339,77,2024-08-12
2340,200,2024-06-23
2341,70,2024-06-10
2342,184,2024-01-11
2343,59,2024-08-18
2344,171,2024-05-16
2345,22,2024-09-09
2346,268,2024-06-06
2347,161,2024-02-11
2348,241,2024-02-24
2349,247,2024-04-13
2350,187,2024-09-07
2351,266,2024-03-08
2352,27,2024-08-25
2353,214,2024-10-05
2354,103,2024-04-21
2355,31,2024-02-22
2356,132,2024-11-18
2357,3,2024-01-15
2358,163,2024-05-26
2359,184,2024-07-21
2360,186,2024-10-04
2361,130,2024-10-24
2362,153,2024-10-02
2363,99,2024-10-19
2364,65,2024-01-24
2365,119,2024-05-03
2366,85,2024-04-28
2367,144,2024-12-08
2368,78,2024-02-05
2369,37,2024-07-26
2370,8,2024-11-27
2371,163,2024-11-03
2372,300,2024-03-07
2373,223,2024-11-06
2374,239,2024-04-02
2375,111,2024-12-25
2376,42,2024-10-05
2377,117,2024-03-28
2378,99,2024-06-14
2379,232,2024-06-23
2380,87,2024-08-14
2381,77,2024-12-14
2382,288,2024-08-28
2383,119,2024-07-22
2384,14,2024-06-23
2385,231,2024-06-01
2386,196,2024-06-02
2387,67,2024-08-13
2388,207,2024-09-27
2389,216,2024-08-17
2390,217,2024-03-23
2391,35,2024-10-26
2392,173,2024-04-22
2393,172,2024-10-14
2394,70,2024-07-15
2395,158,2024-06-11
2396,71,2024-06-15
2397,205,2024-08-07
2398,161,2024-06-11
2399,42,2024-10-24
2400,215,2024-06-07
2401,251,2024-08-07
2402,145,2024-01-04
2403,250,2024-04-18
2404,232,2024-12-18
2405,95,2024-08-22
2406,122,2024-09-01
2407,64,2024-09-15
2408,82,2024-05-26
2409,222,2024-11-18
2410,179,2024-06-28
2411,294,2024-12-24
2412,53,2024-02-18
2413,187,2024-07-27
2414,130,2024-11-05
2415,267,2024-12-27
2416,257,2024-04-01
2417,103,2024-05-23
2418,187,2024-05-10
2419,145,2024-09-06
2420,163,2024-07-15
2421,41,2024-04-15
2422,205,2024-04-16
2423,199,2024-07-24
2424,153,2024-03-15
2425,2,2024-02-15
2426,272,2024-07-20
2427,202,2024-05-16
2428,185,2024-10-01
2429,69,2024-03-01
2430,263,2024-06-16
2431,91,2024-03-16
2432,23,2024-03-06
2433,139,2024-06-18
2434,137,2024-01-25
2435,281,2024-12-25
2436,70,2024-12-13
2437,285,2024-10-17
2438,108,2024-05-13
2439,294,2024-09-04
2440,163,2024-01-10
2441,194,2024-05-25
2442,43,2024-03-28
2443,9,2024-08-18
2444,89,2024-06-08
2445,13,2024-07-24
2446,258,2024-10-02
2447,256,2024-03-01
2448,282,2024-08-28
2449,108,2024-12-15
2450,286,2024-11-24
2451,36,2024-03-21
2452,232,2024-02-21
2453,119,2024-04-07
2454,105,2024-02-16
2455,131,2024-01-04
2456,201,2024-03-18
2457,72,2024-04-06
2458,76,2024-02-06
2459,39,2024-12-01
2460,240,2024-02-16
2461,261,2024-07-02
2462,121,2024-05-13
2463,133,2024-04-20
2464,188,2024-06-03
2465,198,2024-03-22
2466,72,2024-11-07
2467,265,2024-05-28
2468,286,2024-12-07
2469,226,2024-06-25
2470,86,2024-07-19
2471,244,2024-12-05
2472,10,2024-08-14
2473,88,2024-04-09
2474,180,2024-03-06
2475,35,2024-01-19
2476,26,2024-04-23
2477,230,2024-08-04
2478,249,2024-11-07
2479,232,2024-11-17
2480,163,2024-08-09
2481,192,2024-06-27
2482,14,2024-07-28
2483,39,2024-07-03
2484,94,2024-08-02
2485,73,2024-06-22
2486,38,2024-08-17
2487,175,2024-02-15
2488,133,2024-10-26
2489,294,2024-09-26
2490,300,2024-09-07
2491,246,2024-09-17
2492,293,2024-08-13
2493,40,2024-03-26
2494,164,2024-05-03
2495,117,2024-09-27
2496,26,2024-08-03
2497,281,2024-04-19
2498,187,2024-05-03
2499,31,2024-02-18
2500,165,2024-06-22
2501,90,2024-06-03
2502,232,2024-04-13
2503,96,2024-10-15
2504,61,2024-02-14
2505,13,2024-02-18
2506,149,2024-08-23
2507,195,2024-06-12
2508,199,2024-09-27
2509,201,2024-04-06
2510,77,2024-06-17
2511,297,2024-01-25
2512,4,2024-03-19
2513,51,2024-02-19
2514,248,2024-06-22
2515,235,2024-12-24
2516,294,2024-05-10
2517,110,2024-08-14
2518,37,2024-11-02
2519,71,2024-08-02
2520,155,2024-08-09
2521,209,2024-10-07
2522,186,2024-12-11
2523,117,2024-07-14
2524,134,2024-03-14
2525,151,2024-08-19
2526,13,2024-05-15
2527,7,2024-05-10
2528,77,2024-01-08
2529,183,2024-04-11
2530,176,2024-04-13
2531,20,2024-12-23
2532,116,2024-03-28
2533,154,2024-08-25
2534,125,2024-06-07
2535,155,2024-08-14
2536,240,2024-02-05
2537,30,2024-04-04
2538,95,2024-01-26
2539,276,2024-03-03
2540,15,2024-12-20
2541,121,2024-03-09
2542,172,2024-07-11
2543,222,2024-07-27
2544,219,2024-11-16
2545,190,2024-05-23
2546,243,2024-01-19
2547,270,2024-06-28
2548,270,2024-08-01
2549,222,2024-09-12
2550,163,2024-01-18
2551,168,2024-07-19
2552,21,2024-08-09
2553,107,2024-07-01
2554,24,2024-03-09
2555,126,2024-10-04
2556,285,2024-06-10
2557,216,2024-07-06
2558,126,2024-04-24
2559,280,2024-12-05
2560,43,2024-01-28
2561,56,2024-01-25
2562,250,2024-09-19
2563,253,2024-05-09
2564,296,2024-06-25
2565,32,2024-06-25
2566,177,2024-08-15
2567,246,2024-03-15
2568,286,2024-11-12
2569,158,2024-11-28
2570,218,2024-11-16
2571,133,2024-01-23
2572,59,2024-04-09
2573,297,2024-09-02
2574,169,2024-04-16
2575,260,2024-04-06
2576,280,2024-10-02
2577,54,2024-08-13
2578,17,2024-03-22
2579,72,2024-08-02
2580,95,2024-11-11
2581,236,2024-01-14
2582,199,2024-11-09
2583,230,2024-08-23
2584,217,2024-06-04
2585,203,2024-04-23
2586,195,2024-05-10
2587,104,2024-07-04
2588,277,2024-07-01
2589,211,2024-10-08
2590,284,2024-10-15
2591,37,2024-07-18
2592,28,2024-07-18
2593,102,2024-11-11
2594,22,2024-09-03
2595,140,2024-02-15
2596,48,2024-12-13
2597,290,2024-07-21
2598,47,2024-07-17
2599,203,2024-06-28
2600,30,2024-09-18
2601,199,2024-03-18
2602,265,2024-03-01
2603,63,2024-02-01
2604,231,2024-09-20
2605,241,2024-11-27
2606,294,2024-12-10
2607,241,2024-01-03
2608,174,2024-08-25
2609,232,2024-07-04
2610,27,2024-08-03
2611,139,2024-09-13
2612,98,2024-04-07
2613,258,2024-12-01
2614,141,2024-05-09
2615,250,2024-08-18
2616,237,2024-06-04
2617,14,2024-09-07
2618,80,2024-09-17
2619,152,2024-07-19
2620,242,2024-08-20
2621,226,2024-06-01
2622,256,2024-02-07
2623,257,2024-01-06
2624,31,2024-04-23
2625,61,2024-01-25
2626,40,2024-06-03
2627,207,2024-08-18
2628,270,2024-01-04
2629,91,2024-05-13
2630,213,2024-09-09
2631,198,2024-05-07
2632,125,2024-04-14
2633,105,2024-04-27
2634,43,2024-09-04
2635,26,2024-03-21
2636,77,2024-04-20
2637,85,2024-05-25
2638,61,2024-08-21
2639,71,2024-01-27
2640,278,2024-07-08
2641,174,2024-02-01
2642,181,2024-12-23
2643,141,2024-07-15
2644,66,2024-11-12
2645,123,2024-06-16
2646,37,2024-10-12
2647,51,2024-02-02
2648,286,2024-08-09
2649,7,2024-06-27
2650,113,2024-03-18
2651,147,2024-02-13
2652,223,2024-03-22
2653,102,2024-02-26
2654,41,2024-06-09
2655,266,2024-09-19
2656,19,2024-05-22
2657,72,2024-08-17
2658,166,2024-03-12
2659,259,2024-02-26
2660,215,2024-08-26
2661,27,2024-11-27
2662,95,2024-06-11
2663,172,2024-03-18
2664,237,2024-03-12
2665,141,2024-03-03
2666,235,2024-10-20
2667,11,2024-06-24
2668,180,2024-11-10
2669,237,2024-11-18
2670,253,2024-04-27
2671,273,2024-06-18
2672,20,2024-01-04
2673,71,2024-07-20
2674,74,2024-11-03
2675,192,2024-07-16
2676,273,2024-03-01
2677,119,2024-03-12
2678,142,2024-07-25
2679,5,2024-09-18
2680,64,2024-04-02
2681,76,2024-09-16
2682,300,2024-10-11
2683,228,2024-07-12
2684,213,2024-08-26
2685,80,2024-01-23
2686,20,2024-03-01
2687,202,2024-02-09
2688,15,2024-07-01
2689,262,2024-08-19
2690,288,2024-06-21
2691,197,2024-10-07
2692,211,2024-01-16
2693,128,2024-10-06
2694,37,2024-03-21
2695,201,2024-08-10
2696,162,2024-09-23
2697,113,2024-06-18
2698,33,2024-01-24
2699,110,2024-07-01
2700,214,2024-06-01
2701,52,2024-05-26
2702,11,2024-10-16
2703,222,2024-03-05
2704,196,2024-07-13
2705,294,2024-10-17
2706,291,2024-03-19
2707,254,2024-05-05
2708,298,2024-04-04
2709,143,2024-12-01
2710,3,2024-04-28
2711,239,2024-06-08
2712,120,2024-07-16
2713,87,2024-11-07
2714,169,2024-02-04
2715,10,2024-03-24
2716,117,2024-11-14
2717,281,2024-12-20
2718,188,2024-02-08
2719,34,2024-12-03
2720,163,2024-09-04
2721,182,2024-03-16
2722,106,2024-07-19
2723,119,2024-10-17
2724,219,2024-12-10
2725,171,2024-08-25
2726,241,2024-09-01
2727,179,2024-10-05
2728,138,2024-08-20
2729,5,2024-04-07
2730,191,2024-07-13
2731,194,2024-07-20
2732,214,2024-05-15
2733,144,2024-03-01
2734,45,2024-01-28
2735,159,2024-12-16
2736,250,2024-07-05
2737,9,2024-02-21
2738,292,2024-06-15
2739,148,2024-09-20
2740,229,2024-06-08
2741,138,2024-04-14
2742,227,2024-11-15
2743,165,2024-01-25
2744,213,2024-02-22
2745,221,2024-10-27
2746,10,2024-03-02
2747,136,2024-08-13
2748,104,2024-09-21
2749,24,2024-09-21
2750,282,2024-09-17
2751,286,2024-08-17
2752,50,2024-01-04
2753,157,2024-12-22
2754,149,2024-05-03
2755,148,2024-03-20
2756,119,2024-12-03
2757,95,2024-09-09
2758,169,2024-01-17
2759,191,2024-05-04
2760,222,2024-12-18
2761,279,2024-09-16
2762,148,2024-03-10
2763,32,2024-02-16
2764,85,2024-12-16
2765,262,2024-07-07
2766,127,2024-05-20
2767,267,2024-08-01
2768,156,2024-09-19
2769,51,2024-01-20
2770,206,2024-07-20
2771,11,2024-10-19
2772,105,2024-12-02
2773,222,2024-09-05
2774,113,2024-08-15
2775,123,2024-10-25
2776,251,2024-02-07
2777,106,2024-05-26
2778,20,2024-01-24
2779,186,2024-09-17
2780,76,2024-01-12
2781,61,2024-11-18
2782,153,2024-12-27
2783,237,2024-12-04
2784,264,2024-06-03
2785,14,2024-01-11
2786,51,2024-03-27
2787,291,2024-09-10
2788,68,2024-07-20
2789,247,2024-09-06
2790,132,2024-10-27
2791,256,2024-09-08
2792,126,2024-03-27
2793,167,2024-08-03
2794,16,2024-09-04
2795,16,2024-10-03
2796,78,2024-02-02
2797,99,2024-04-14
2798,170,2024-03-05
2799,14,2024-03-09
2800,170,2024-09-16
2801,274,2024-01-06
2802,69,2024-03-06
2803,55,2024-08-01
2804,183,2024-10-10
2805,276,2024-10-21
2806,38,2024-02-25
2807,185,2024-06-20
2808,50,2024-06-08
2809,232,2024-09-17
2810,96,2024-06-17
2811,68,2024-08-08
2812,136,2024-11-10
2813,227,2024-05-24
2814,144,2024-10-07
2815,71,2024-11-03
2816,109,2024-06-12
2817,223,2024-09-01
2818,18,2024-09-03
2819,23,2024-05-24
2820,122,2024-11-11
2821,89,2024-06-09
2822,146,2024-07-12
2823,68,2024-08-25
2824,214,2024-01-16
2825,106,2024-10-22
2826,2,2024-05-12
2827,107,2024-06-20
2828,107,2024-03-16
2829,269,2024-10-03
2830,229,2024-04-07
2831,54,2024-06-19
2832,28,2024-07-01
2833,192,2024-08-23
2834,38,2024-05-05
2835,40,2024-08-28
2836,154,2024-11-08
2837,202,2024-07-11
2838,102,2024-04-26
2839,89,2024-09-22
2840,211,2024-04-13
2841,161,2024-03-02
2842,160,2024-04-07
2843,153,2024-01-07
2844,267,2024-05-15
2845,179,2024-03-18
2846,168,2024-04-24
2847,257,2024-11-05
2848,198,2024-07-11
2849,192,2024-10-09
2850,8,2024-07-15
2851,97,2024-07-16
2852,161,2024-06-17
2853,141,2024-03-10
2854,69,2024-06-07
2855,229,2024-04-07
2856,243,2024-11-14
2857,187,2024-02-01
2858,82,2024-12-20
2859,105,2024-12-26
2860,117,2024-01-25
2861,102,2024-09-01
2862,1,2024-06-25
2863,87,2024-09-16
2864,199,2024-04-21
2865,20,2024-07-25
2866,181,2024-02-03
2867,300,2024-09-06
2868,210,2024-06-01
2869,234,2024-06-18
2870,125,2024-03-15
2871,160,2024-11-07
2872,151,2024-03-15
2873,189,2024-08-15
2874,159,2024-02-12
2875,59,2024-09-26
2876,210,2024-04-02
2877,223,2024-01-23
2878,54,2024-03-14
2879,218,2024-01-15
2880,30,2024-07-16
2881,267,2024-09-26
2882,219,2024-06-01
2883,196,2024-04-27
2884,254,2024-07-18
2885,215,2024-05-16
2886,172,2024-12-25
2887,163,2024-09-13
2888,111,2024-04-27
2889,182,2024-10-13
2890,281,2024-02-02
2891,104,2024-11-11
2892,277,2024-10-12
2893,236,2024-12-13
2894,271,2024-11-12
2895,267,2024-05-06
2896,177,2024-06-08
2897,120,2024-10-26
2898,89,2024-04-09
2899,55,2024-11-10
2900,291,2024-03-22
2901,35,2024-06-08
2902,260,2024-09-02
2903,150,2024-05-23
2904,292,2024-11-08
2905,276,2024-09-21
2906,166,2024-11-26
2907,291,2024-12-22
2908,18,2024-09-03
2909,191,2024-01-28
2910,56,2024-05-09
2911,138,2024-10-12
2912,110,2024-02-01
2913,217,2024-06-12
2914,42,2024-11-19
2915,45,2024-05-23
2916,245,2024-11-19
2917,117,2024-07-10
2918,262,2024-10-06
2919,291,2024-05-10
2920,267,2024-05-15
2921,174,2024-01-09
2922,269,2024-02-19
2923,99,2024-06-14
2924,280,2024-01-27
2925,94,2024-08-25
2926,237,2024-09-24
2927,269,2024-07-19
2928,137,2024-05-10
2929,62,2024-07-03
2930,26,2024-04-19
2931,145,2024-12-21
2932,61,2024-07-10
2933,291,2024-10-25
2934,199,2024-04-25
2935,170,2024-10-13
2936,252,2024-10-07
2937,132,2024-02-05
2938,82,2024-04-02
2939,177,2024-11-04
2940,12,2024-03-18
2941,3,2024-09-28
2942,252,2024-01-16
2943,154,2024-12-09
2944,40,2024-10-24
2945,15,2024-03-09
2946,185,2024-01-03
2947,56,2024-12-05
2948,219,2024-12-19
2949,100,2024-05-20
2950,142,2024-06-27
2951,138,2024-06-28
2952,109,2024-08-18
2953,193,2024-07-20
2954,256,2024-10-22
2955,275,2024-05-26
2956,265,2024-01-17
2957,246,2024-08-06
2958,76,2024-06-08
2959,140,2024-11-28
2960,148,2024-04-08
2961,111,2024-03-10
2962,67,2024-12-02
2963,146,2024-07-21
2964,293,2024-05-26
2965,256,2024-09-28
2966,257,2024-04-18
2967,242,2024-06-05
2968,87,2024-04-20
2969,29,2024-05-09
2970,61,2024-09-20
2971,13,2024-02-02
2972,250,2024-07-05
2973,67,2024-05-11
2974,203,2024-04-17
2975,179,2024-02-07
2976,300,2024-02-01
2977,149,2024-01-17
2978,100,2024-01-25
2979,240,2024-06-24
2980,97,2024-08-25
2981,116,2024-07-08
2982,254,2024-08-17
2983,131,2024-02-11
2984,93,2024-11-24
2985,298,2024-11-18
2986,172,2024-03-17
2987,216,2024-03-08
2988,207,2024-05-09
2989,14,2024-02-26
2990,22,2024-04-03
2991,22,2024-12-02
2992,248,2024-11-08
2993,27,2024-06-08
2994,185,2024-11-26
2995,209,2024-11-21
2996,36,2024-09-27
2997,12,2024-01-22
2998,264,2024-01-07
2999,165,2024-12-18
3000,269,2024-04-22
3001,136,2024-07-03
3002,248,2024-12-19
3003,165,2024-07-01
3004,224,2024-06-05
3005,138,2024-05-19
3006,48,2024-10-12
3007,120,2024-02-10
3008,56,2024-02-14
3009,10,2024-09-05
3010,3,2024-03-28
3011,128,2024-01-16
3012,92,2024-05-28
3013,177,2024-05-13
3014,171,2024-04-14
3015,44,2024-10-06
3016,154,2024-03-20
3017,52,2024-05-09
3018,186,2024-04-19
3019,62,2024-10-19
3020,133,2024-01-21
3021,51,2024-04-10
3022,224,2024-12-03
3023,185,2024-12-18
3024,188,2024-07-20
3025,43,2024-07-04
3026,203,2024-12-05
3027,266,2024-05-16
3028,21,2024-08-06
3029,93,2024-05-25
3030,247,2024-04-20
3031,15,2024-11-12
3032,233,2024-08-28
3033,86,2024-05-17
3034,7,2024-03-01
3035,47,2024-07-17
3036,279,2024-05-08
3037,91,2024-01-22
3038,102,2024-10-09
3039,48,2024-02-01
3040,28,2024-10-08
3041,154,2024-01-03
3042,136,2024-02-26
3043,275,2024-04-10
3044,130,2024-12-11
3045,122,2024-06-01
3046,44,2024-01-11
3047,115,2024-02-25
3048,40,2024-07-27
3049,280,2024-12-14
3050,196,2024-02-12
3051,53,2024-01-09
3052,151,2024-07-12
3053,3,2024-07-25
3054,116,2024-01-06
3055,206,2024-03-08
3056,238,2024-01-09
3057,32,2024-04-18
3058,175,2024-12-17
3059,106,2024-04-25
3060,213,2024-09-10
3061,291,2024-03-13
3062,254,2024-07-19
3063,233,2024-10-10
3064,213,2024-06-02
3065,234,2024-04-24
3066,214,2024-07-04
3067,233,2024-09-13
3068,280,2024-03-28
3069,13,2024-10-20
3070,133,2024-10-19
3071,170,2024-08-13
3072,39,2024-04-05
3073,180,2024-12-14
3074,280,2024-11-09
3075,108,2024-08-18
3076,233,2024-11-20
3077,80,2024-02-18
3078,113,2024-12-16
3079,140,2024-10-05
3080,182,2024-10-20
3081,117,2024-07-12
3082,67,2024-04-10
3083,80,2024-05-03
3084,82,2024-02-22
3085,284,2024-08-02
3086,185,2024-02-01
3087,226,2024-02-02
3088,286,2024-04-09
3089,182,2024-10-11
3090,56,2024-11-05
3091,89,2024-10-16
3092,223,2024-02-10
3093,218,2024-12-21
3094,248,2024-10-06
3095,47,2024-03-18
3096,102,2024-07-18
3097,61,2024-05-27
3098,2,2024-03-18
3099,176,2024-11-13
3100,83,2024-03-08
3101,110,2024-06-04
3102,192,2024-12-15
3103,237,2024-03-17
3104,53,2024-06-07
3105,292,2024-11-23
3106,134,2024-12-28
3107,151,2024-04-10
3108,100,2024-02-14
3109,206,2024-09-04
3110,172,2024-04-09
3111,66,2024-12-21
3112,174,2024-01-03
3113,20,2024-08-12
3114,104,2024-11-27
3115,290,2024-11-07
3116,288,2024-01-19
3117,49,2024-11-06
3118,123,2024-01-05
3119,48,2024-09-05
3120,186,2024-02-11
3121,152,2024-11-07
3122,41,2024-09-19
3123,93,2024-03-02
3124,40,2024-02-03
3125,240,2024-06-19
3126,13,2024-06-09
3127,94,2024-06-02
3128,120,2024-02-11
3129,199,2024-03-01
3130,15,2024-06-23
3131,137,2024-08-12
3132,254,2024-11-19
3133,75,2024-03-10
3134,8,2024-01-06
3135,38,2024-02-04
3136,71,2024-04-15
3137,3,2024-12-24
3138,191,2024-09-15
3139,163,2024-07-25
3140,164,2024-04-04
3141,174,2024-09-06
3142,46,2024-11-13
3143,33,2024-12-09
3144,286,2024-01-17
3145,38,2024-01-17
3146,224,2024-02-25
3147,247,2024-05-03
3148,251,2024-10-14
3149,235,2024-09-20
3150,119,2024-11-19
3151,174,2024-09-13
3152,143,2024-10-14
3153,264,2024-01-18
3154,115,2024-01-16
3155,115,2024-05-14
3156,251,2024-01-09
3157,146,2024-04-18
3158,101,2024-08-26
3159,62,2024-06-24
3160,166,2024-10-27
3161,206,2024-11-11
3162,29,2024-06-12
3163,172,2024-07-15
3164,264,2024-12-19
3165,121,2024-12-20
3166,30,2024-02-15
3167,248,2024-04-23
3168,167,2024-08-18
3169,19,2024-07-09
3170,153,2024-11-13
3171,11,2024-10-12
3172,100,2024-10-11
3173,280,2024-09-04
3174,162,2024-12-26
3175,117,2024-06-05
3176,267,2024-04-03
3177,112,2024-12-10
3178,93,2024-01-13
3179,76,2024-06-25
3180,78,2024-06-03
3181,288,2024-09-28
3182,85,2024-10-10
3183,148,2024-08-13
3184,29,2024-05-20
3185,226,2024-11-07
3186,138,2024-07-04
3187,247,2024-10-22
3188,60,2024-03-12
3189,202,2024-02-06
3190,166,2024-04-03
3191,76,2024-01-18
3192,178,2024-08-28
3193,283,2024-09-08
3194,61,2024-02-04
3195,276,2024-08-03
3196,209,2024-05-18
3197,200,2024-10-16
3198,216,2024-03-23
3199,186,2024-05-03
3200,132,2024-06-06
3201,92,2024-11-02
3202,7,2024-10-12
3203,100,2024-02-19
3204,138,2024-07-22
3205,7,2024-10-25
3206,17,2024-02-10
3207,31,2024-04-18
3208,299,2024-03-18
3209,50,2024-02-21
3210,57,2024-06-14
3211,72,2024-02-09
3212,161,2024-08-18
3213,34,2024-08-13
3214,46,2024-10-26
3215,67,2024-11-06
3216,75,2024-02-24
3217,290,2024-05-13
3218,21,2024-11-02
3219,10,2024-10-27
3220,195,2024-04-08
3221,216,2024-06-12
3222,158,2024-12-05
3223,152,2024-10-18
3224,144,2024-11-10
3225,215,2024-12-24
3226,112,2024-07-09
3227,146,2024-03-07
3228,259,2024-05-03
3229,291,2024-05-20
3230,121,2024-07-08
3231,60,2024-07-14
3232,298,2024-05-07
3233,50,2024-12-26
3234,74,2024-01-07
3235,53,2024-09-07
3236,125,2024-12-25
3237,141,2024-07-18
3238,36,2024-05-11
3239,166,2024-12-25
3240,142,2024-03-15
3241,290,2024-12-13
3242,156,2024-03-17
3243,266,2024-03-02
3244,39,2024-10-16
3245,33,2024-09-11
3246,41,2024-11-08
3247,284,2024-12-20
3248,168,2024-01-19
3249,229,2024-06-12
3250,75,2024-09-08
3251,291,2024-08-11
3252,248,2024-06-26
3253,67,2024-03-20
3254,282,2024-11-27
3255,162,2024-03-28
3256,295,2024-02-07
3257,87,2024-09-08
3258,166,2024-08-20
3259,84,2024-03-18
3260,1,2024-01-07
3261,179,2024-11-25
3262,72,2024-03-24
3263,25,2024-02-19
3264,283,2024-06-27
3265,82,2024-12-28
3266,280,2024-02-28
3267,35,2024-07-17
3268,39,2024-10-23
3269,209,2024-09-27
3270,265,2024-08-22
3271,172,2024-06-14
3272,35,2024-08-23
3273,191,2024-03-14
3274,257,2024-08-12
3275,269,2024-02-07
3276,279,2024-04-28
3277,20,2024-06-12
3278,114,2024-09-13
3279,55,2024-08-26
3280,123,2024-05-08
3281,83,2024-12-02
3282,198,2024-04-09
3283,24,2024-05-08
3284,21,2024-04-26
3285,294,2024-06-20
3286,90,2024-03-06
3287,181,2024-11-03
3288,275,2024-05-11
3289,294,2024-06-22
3290,139,2024-02-26
3291,94,2024-07-27
3292,288,2024-06-06
3293,95,2024-08-25
3294,79,2024-11-21
3295,34,2024-09-20
3296,192,2024-09-09
3297,245,2024-08-03
3298,51,2024-05-09
3299,121,2024-01-07
3300,279,2024-02-13
3301,170,2024-08-14
3302,60,2024-03-09
3303,177,2024-11-20
3304,274,2024-06-11
3305,133,2024-12-24
3306,172,2024-10-08
3307,198,2024-12-28
3308,276,2024-06-10
3309,56,2024-05-18
3310,24,2024-09-15
3311,148,2024-01-01
3312,106,2024-12-17
3313,288,2024-03-26
3314,89,2024-12-24
3315,240,2024-01-19
3316,206,2024-11-14
3317,65,2024-04-25
3318,292,2024-02-20
3319,141,2024-04-04
3320,269,2024-12-26
3321,198,2024-06-12
3322,113,2024-10-17
3323,145,2024-04-21
3324,210,2024-08-09
3325,282,2024-09-08
3326,24,2024-03-20
3327,255,2024-08-07
3328,78,2024-07-03
3329,148,2024-02-03
3330,16,2024-12-16
3331,228,2024-02-22
3332,83,2024-07-21
3333,297,2024-04-19
3334,33,2024-01-22
3335,65,2024-08-15
3336,87,2024-09-03
3337,260,2024-07-10
3338,267,2024-08-28
3339,57,2024-09-22
3340,15,2024-04-24
3341,181,2024-06-20
3342,186,2024-06-03
3343,5,2024-11-16
3344,237,2024-06-21
3345,97,2024-02-17
3346,212,2024-08-18
3347,32,2024-11-10
3348,102,2024-08-01
3349,167,2024-10-26
3350,102,2024-10-15
3351,219,2024-06-02
3352,249,2024-01-15
3353,21,2024-06-21
3354,94,2024-09-23
3355,138,2024-05-19
3356,175,2024-05-20
3357,179,2024-08-20
3358,86,2024-02-10
3359,36,2024-01-25
3360,266,2024-02-26
3361,272,2024-01-16
3362,260,2024-01-02
3363,56,2024-02-24
3364,40,2024-08-11
3365,271,2024-06-02
3366,290,2024-08-21
3367,7,2024-11-26
3368,262,2024-07-12
3369,41,2024-08-14
3370,157,2024-12-28
3371,52,2024-05-27
3372,158,2024-08-09
3373,148,2024-04-05
3374,162,2024-11-18
3375,108,2024-01-07
3376,201,2024-10-10
3377,296,2024-03-17
3378,224,2024-07-06
3379,172,2024-04-17
3380,192,2024-08-15
3381,94,2024-05-14
3382,248,2024-05-07
3383,260,2024-02-19
3384,168,2024-02-16
3385,140,2024-09-01
3386,137,2024-01-11
3387,191,2024-07-14
3388,121,2024-04-08
3389,57,2024-03-17
3390,23,2024-05-03
3391,84,2024-11-21
3392,45,2024-12-05
3393,162,2024-01-09
3394,240,2024-01-13
3395,217,2024-01-09
3396,149,2024-11-20
3397,201,2024-03-11
3398,77,2024-11-14
3399,21,2024-10-08
3400,279,2024-06-02
3401,33,2024-12-19
3402,106,2024-01-22
3403,125,2024-12-02
3404,246,2024-09-20
3405,222,2024-03-16
3406,123,2024-12-25
3407,273,2024-05-27
3408,268,2024-01-17
3409,165,2024-11-04
3410,189,2024-07-14
3411,48,2024-03-12
3412,165,2024-01-11
3413,54,2024-05-03
3414,14,2024-02-13
3415,84,2024-06-02
3416,85,2024-08-16
3417,126,2024-03-28
3418,229,2024-07-18
3419,52,2024-06-27
3420,108,2024-09-27
3421,138,2024-10-01
3422,260,2024-03-28
3423,88,2024-02-22
3424,219,2024-05-04
3425,160,2024-06-16
3426,136,2024-06-09
3427,144,2024-03-08
3428,183,2024-06-16
3429,280,2024-08-06
3430,4,2024-01-04
3431,3,2024-03-26
3432,57,2024-12-23
3433,252,2024-11-25
3434,146,2024-08-16
3435,106,2024-05-04
3436,136,2024-07-18
3437,204,2024-11-10
3438,269,2024-09-25
3439,2,2024-06-26
3440,155,2024-10-27
3441,250,2024-07-14
3442,257,2024-10-16
3443,219,2024-09-10
3444,146,2024-06-03
3445,32,2024-12-17
3446,185,2024-09-01
3447,132,2024-03-24
3448,107,2024-05-15
3449,69,2024-05-24
3450,117,2024-02-08
3451,197,2024-03-07
3452,291,2024-03-11
3453,64,2024-12-22
3454,221,2024-09-18
3455,79,2024-05-25
3456,12,2024-06-02
3457,247,2024-08-11
3458,296,2024-06-18
3459,243,2024-04-03
3460,102,2024-11-12
3461,24,2024-05-17
3462,252,2024-02-14
3463,140,2024-08-11
3464,68,2024-11-25
3465,287,2024-03-24
3466,288,2024-05-27
3467,96,2024-07-28
3468,206,2024-11-07
3469,42,2024-06-11
3470,224,2024-12-24
3471,28,2024-07-19
3472,229,2024-10-12
3473,291,2024-11-26
3474,94,2024-04-13
3475,68,2024-11-13
3476,69,2024-08-14
3477,231,2024-09-17
3478,61,2024-03-09
3479,296,2024-11-04
3480,187,2024-10-17
3481,88,2024-09-01
3482,185,2024-12-24
3483,191,2024-05-23
3484,294,2024-12-18
3485,145,2024-08-28
3486,105,2024-12-13
3487,145,2024-09-20
3488,48,2024-07-19
3489,54,2024-11-26
3490,230,2024-07-09
3491,209,2024-01-18
3492,106,2024-09-25
3493,21,2024-02-13
3494,53,2024-03-01
3495,257,2024-12-08
3496,153,2024-05-20
3497,154,2024-03-12
3498,217,2024-11-16
3499,8,2024-01-01
3500,158,2024-10-19
3501,170,2024-12-12
3502,60,2024-07-12
3503,92,2024-01-06
3504,42,2024-02-20
3505,135,2024-01-02
3506,168,2024-08-23
3507,75,2024-05-21
3508,211,2024-10-18
3509,101,2024-06-28
3510,205,2024-08-06
3511,40,2024-02-13
3512,240,2024-06-11
3513,216,2024-09-26
3514,187,2024-04-15
3515,286,2024-04-14
3516,237,2024-03-10
3517,262,2024-01-17
3518,47,2024-08-22
3519,281,2024-06-02
3520,137,2024-04-12
3521,237,2024-07-28
3522,96,2024-02-06
3523,13,2024-11-15
3524,224,2024-11-23
3525,240,2024-11-15
3526,16,2024-08-17
3527,131,2024-08-18
3528,106,2024-12-06
3529,290,2024-02-14
3530,224,2024-03-15
3531,96,2024-12-20
3532,218,2024-09-07
3533,4,2024-09-22
3534,73,2024-05-14
3535,35,2024-02-07
3536,228,2024-12-04
3537,298,2024-01-17
3538,73,2024-05-12
3539,51,2024-03-19
3540,283,2024-07-23
3541,59,2024-06-26
3542,135,2024-02-03
3543,273,2024-09-21
3544,73,2024-09-10
3545,36,2024-05-28
3546,258,2024-11-24
3547,67,2024-10-03
3548,95,2024-05-10
3549,218,2024-02-20
3550,244,2024-01-24
3551,242,2024-02-15
3552,266,2024-03-13
3553,185,2024-04-03
3554,9,2024-10-15
3555,229,2024-07-25
3556,22,2024-09-08
3557,255,2024-10-03
3558,182,2024-07-24
3559,280,2024-11-09
3560,179,2024-03-09
3561,288,2024-08-23
3562,192,2024-08-18
3563,91,2024-06-12
3564,291,2024-11-27
3565,73,2024-08-18
3566,268,2024-08-16
3567,119,2024-10-19
3568,162,2024-06-26
3569,236,2024-01-16
3570,275,2024-04-04
3571,263,2024-02-24
3572,224,2024-12-06
3573,295,2024-01-23
3574,266,2024-04-02
3575,179,2024-11-18
3576,121,2024-09-04
3577,151,2024-08-05
3578,245,2024-03-20
3579,297,2024-09-06
3580,117,2024-03-06
3581,227,2024-05-25
3582,117,2024-01-18
3583,216,2024-09-19
3584,168,2024-03-26
3585,181,2024-10-17
3586,300,2024-10-12
3587,270,2024-03-19
3588,14,2024-02-21
3589,244,2024-07-21
3590,256,2024-01-15
3591,62,2024-11-23
3592,197,2024-05-22
3593,112,2024-04-13
3594,80,2024-04-08
3595,212,2024-01-25
3596,134,2024-12-25
3597,246,2024-02-23
3598,178,2024-10-16
3599,123,2024-12-05
3600,202,2024-07-18
3601,67,2024-09-26
3602,135,2024-02-24
3603,234,2024-12-06
3604,146,2024-03-16
3605,177,2024-03-18
3606,74,2024-05-08
3607,141,2024-08-17
3608,228,2024-12-02
3609,280,2024-09-21
3610,168,2024-04-24
3611,96,2024-08-25
3612,171,2024-05-12
3613,123,2024-03-18
3614,122,2024-11-06
3615,247,2024-07-04
3616,170,2024-01-05
3617,63,2024-10-05
3618,144,2024-02-16
3619,102,2024-04-10
3620,68,2024-02-08
3621,1,2024-04-12
3622,283,2024-08-21
3623,26,2024-12-22
3624,300,2024-11-25
3625,217,2024-12-16
3626,179,2024-03-13
3627,198,2024-04-25
3628,74,2024-05-08
3629,57,2024-01-01
3630,57,2024-06-28
3631,230,2024-07-04
3632,46,2024-10-21
3633,61,2024-01-02
3634,31,2024-12-19
3635,118,2024-10-17
3636,34,2024-03-01
3637,4,2024-12-05
3638,143,2024-08-17
3639,70,2024-05-16
3640,31,2024-01-10
3641,211,2024-03-11
3642,95,2024-10-10
3643,107,2024-03-26
3644,65,2024-07-28
3645,236,2024-11-09
3646,298,2024-11-19
3647,5,2024-07-27
3648,210,2024-06-10
3649,136,2024-10-17
3650,63,2024-01-04
3651,52,2024-12-21
3652,94,2024-05-01
3653,223,2024-05-02
3654,55,2024-12-03
3655,56,2024-08-16
3656,136,2024-08-12
3657,75,2024-07-18
3658,126,2024-06-21
3659,154,2024-01-16
3660,249,2024-09-28
3661,177,2024-01-04
3662,268,2024-06-09
3663,86,2024-11-26
3664,7,2024-05-20
3665,261,2024-11-21
3666,283,2024-01-20
3667,88,2024-02-17
3668,276,2024-05-10
3669,18,2024-05-13
3670,211,2024-11-03
3671,120,2024-10-19
3672,189,2024-02-19
3673,9,2024-05-16
3674,125,2024-05-17
3675,252,2024-05-10
3676,218,2024-05-06
3677,267,2024-02-20
3678,88,2024-03-04
3679,251,2024-09-14
3680,25,2024-01-25
3681,45,2024-08-17
3682,291,2024-04-09
3683,212,2024-11-11
3684,17,2024-03-21
3685,130,2024-08-28
3686,248,2024-04-23
3687,69,2024-10-18
3688,135,2024-12-10
3689,243,2024-08-26
3690,48,2024-06-05
3691,241,2024-12-25
3692,130,2024-03-24
3693,47,2024-03-23
3694,179,2024-05-15
3695,218,2024-10-26
3696,259,2024-01-01
3697,124,2024-01-16
3698,11,2024-07-20
3699,11,2024-12-09
3700,258,2024-08-13
3701,159,2024-01-14
3702,227,2024-03-15
3703,109,2024-02-11
3704,68,2024-07-16
3705,35,2024-03-22
3706,6,2024-09-03
3707,62,2024-01-22
3708,32,2024-07-14
3709,157,2024-07-11
3710,219,2024-09-12
3711,293,2024-03-22
3712,5,2024-01-03
3713,124,2024-11-13
3714,185,2024-10-14
3715,65,2024-05-02
3716,100,2024-03-02
3717,219,2024-07-11
3718,107,2024-05-06
3719,160,2024-05-17
3720,16,2024-05-07
3721,170,2024-10-23
3722,158,2024-04-26
3723,286,2024-02-15
3724,84,2024-12-01
3725,43,2024-09-23
3726,33,2024-04-16
3727,204,2024-12-14
3728,59,2024-01-25
3729,154,2024-05-05
3730,52,2024-03-27
3731,182,2024-10-20
3732,167,2024-06-05
3733,221,2024-02-13
3734,47,2024-03-21
3735,238,2024-02-25
3736,52,2024-06-09
3737,150,2024-08-20
3738,30,2024-07-04
3739,20,2024-03-22
3740,228,2024-11-01
3741,208,2024-07-24
3742,286,2024-12-25
3743,116,2024-05-17
3744,229,2024-09-21
3745,123,2024-07-26
3746,141,2024-11-01
3747,157,2024-01-19
3748,251,2024-06-09
3749,180,2024-11-23
3750,229,2024-02-08
3751,250,2024-09-10
3752,229,2024-04-10
3753,223,2024-03-17
3754,125,2024-11-02
3755,15,2024-10-04
3756,57,2024-07-23
3757,250,2024-07-25
3758,255,2024-05-19
3759,243,2024-12-27
3760,44,2024-06-15
3761,80,2024-10-18
3762,88,2024-01-17
3763,269,2024-10-01
3764,143,2024-12-09
3765,292,2024-11-10
3766,213,2024-02-12
3767,106,2024-10-01
3768,232,2024-08-07
3769,210,2024-09-07
3770,2,2024-03-11
3771,54,2024-03-15
3772,214,2024-11-02
3773,285,2024-12-28
3774,164,2024-11-14
3775,78,2024-06-25
3776,56,2024-01-13
3777,33,2024-07-09
3778,278,2024-01-27
3779,223,2024-02-20
3780,287,2024-12-16
3781,130,2024-10-23
3782,258,2024-11-15
3783,66,2024-01-13
3784,252,2024-12-11
3785,93,2024-11-16
3786,300,2024-12-22
3787,246,2024-12-03
3788,29,2024-11-03
3789,128,2024-05-15
3790,144,2024-08-27
3791,174,2024-11-15
3792,212,2024-09-16
3793,226,2024-03-14
3794,148,2024-01-25
3795,99,2024-09-19
3796,207,2024-12-07
3797,4,2024-07-02
3798,18,2024-05-25
3799,106,2024-05-22
3800,239,2024-04-05
3801,227,2024-01-15
3802,287,2024-02-02
3803,136,2024-06-05
3804,65,2024-11-25
3805,226,2024-05-09
3806,280,2024-12-15
3807,265,2024-04-04
3808,225,2024-04-18
3809,25,2024-08-18
3810,119,2024-10-17
3811,278,2024-06-09
3812,48,2024-05-12
3813,189,2024-10-01
3814,23,2024-08-01
3815,136,2024-09-14
3816,194,2024-10-18
3817,151,2024-04-28
3818,287,2024-08-06
3819,273,2024-05-27
3820,37,2024-07-09
3821,254,2024-04-09
3822,153,2024-03-13
3823,82,2024-06-19
3824,1,2024-04-12
3825,153,2024-07-28
3826,242,2024-04-04
3827,60,2024-05-07
3828,282,2024-07-08
3829,294,2024-01-23
3830,274,2024-06-09
3831,276,2024-06-09
3832,29,2024-05-05
3833,191,2024-11-11
3834,235,2024-03-06
3835,157,2024-01-23
3836,95,2024-11-05
3837,178,2024-09-22
3838,98,2024-04-02
3839,297,2024-01-09
3840,101,2024-12-12
3841,175,2024-08-20
3842,92,2024-07-11
3843,98,2024-01-08
3844,281,2024-03-28
3845,225,2024-09-04
3846,89,2024-10-19
3847,12,2024-02-11
3848,17,2024-08-25
3849,16,2024-07-17
3850,93,2024-03-26
3851,167,2024-07-05
3852,166,2024-05-05
3853,6,2024-05-07
3854,271,2024-03-07
3855,209,2024-08-15
3856,113,2024-12-05
3857,27,2024-01-04
3858,161,2024-11-07
3859,203,2024-09-26
3860,262,2024-05-13
3861,62,2024-03-13
3862,169,2024-09-03
3863,42,2024-08-16
3864,218,2024-03-25
3865,283,2024-01-08
3866,169,2024-06-18
3867,2,2024-07-24
3868,67,2024-01-22
3869,65,2024-01-01
3870,97,2024-11-11
3871,217,2024-08-10
3872,179,2024-08-15
3873,282,2024-04-04
3874,260,2024-12-08
3875,105,2024-02-25
3876,160,2024-09-10
3877,276,2024-10-01
3878,248,2024-08-16
3879,76,2024-07-16
3880,254,2024-08-15
3881,269,2024-08-28
3882,17,2024-08-26
3883,85,2024-12-08
3884,214,2024-02-26
3885,65,2024-03-28
3886,59,2024-01-21
3887,74,2024-07-17
3888,227,2024-10-01
3889,123,2024-02-07
3890,291,2024-11-18
3891,187,2024-01-26
3892,85,2024-03-04
3893,124,2024-02-08
3894,79,2024-01-08
3895,84,2024-01-05
3896,177,2024-05-26
3897,257,2024-04-21
3898,195,2024-04-09
3899,87,2024-07-01
3900,154,2024-08-14
3901,72,2024-06-02
3902,51,2024-05-06
3903,279,2024-11-07
3904,211,2024-02-08
3905,47,2024-04-01
3906,103,2024-09-20
3907,24,2024-11-27
3908,135,2024-11-14
3909,73,2024-06-18
3910,179,2024-05-16
3911,24,2024-05-19
3912,194,2024-03-08
3913,210,2024-08-09
3914,207,2024-07-19
3915,191,2024-02-08
3916,251,2024-07-10
3917,128,2024-01-11
3918,31,2024-01-24
3919,287,2024-11-15
3920,276,2024-10-03
3921,198,2024-09-18
3922,201,2024-11-06
3923,169,2024-08-04
3924,94,2024-09-04
3925,81,2024-12-13
3926,185,2024-07-25
3927,42,2024-11-20
3928,264,2024-03-01
3929,234,2024-10-15
3930,58,2024-08-12
3931,188,2024-07-07
3932,223,2024-04-21
3933,127,2024-03-04
3934,78,2024-03-08
3935,203,2024-02-06
3936,158,2024-12-26
3937,241,2024-10-15
3938,11,2024-07-02
3939,264,2024-06-21
3940,68,2024-08-16
3941,87,2024-12-11
3942,57,2024-09-20
3943,95,2024-06-28
3944,284,2024-07-25
3945,84,2024-06-26
3946,159,2024-12-18
3947,102,2024-07-18
3948,127,2024-03-05
3949,202,2024-12-25
3950,55,2024-07-21
3951,103,2024-11-12
3952,141,2024-06-16
3953,123,2024-04-09
3954,24,2024-05-02
3955,278,2024-06-10
3956,30,2024-01-05
3957,295,2024-09-01
3958,59,2024-08-01
3959,211,2024-09-21
3960,147,2024-05-27
3961,195,2024-01-14
3962,230,2024-03-24
3963,82,2024-10-10
3964,120,2024-11-26
3965,242,2024-11-03
3966,117,2024-11-24
3967,147,2024-11-11
3968,116,2024-12-28
3969,84,2024-04-16
3970,198,2024-11-13
3971,83,2024-05-18
3972,255,2024-08-12
3973,211,2024-04-28
3974,284,2024-02-09
3975,224,2024-08-22
3976,58,2024-01-07
3977,235,2024-05-25
3978,139,2024-04-10
3979,57,2024-09-03
3980,79,2024-10-06
3981,80,2024-10-08
3982,80,2024-05-13
3983,265,2024-06-17
3984,221,2024-03-17
3985,83,2024-03-05
3986,136,2024-07-08
3987,90,2024-11-08
3988,173,2024-03-10
3989,43,2024-12-17
3990,48,2024-11-14
3991,118,2024-05-22
3992,290,2024-12-21
3993,119,2024-03-11
3994,154,2024-07-18
3995,17,2024-04-20
3996,145,2024-03-22
3997,61,2024-04-19
3998,229,2024-10-13
3999,139,2024-08-09
4000,26,2024-07-05
4001,103,2024-11-14
4002,146,2024-05-10
4003,6,2024-02-25
4004,211,2024-04-04
4005,284,2024-10-14
4006,116,2024-01-06
4007,91,2024-02-27
4008,226,2024-06-01
4009,260,2024-04-11
4010,202,2024-01-24
4011,191,2024-01-17
4012,8,2024-01-19
4013,212,2024-01-12
4014,223,2024-05-07
4015,99,2024-10-14
4016,95,2024-04-21
4017,209,2024-08-03
4018,112,2024-07-01
4019,91,2024-01-21
4020,51,2024-09-09
4021,134,2024-10-16
4022,249,2024-06-04
4023,237,2024-05-12
4024,165,2024-02-22
4025,30,2024-05-11
4026,29,2024-06-21
4027,184,2024-05-20
4028,168,2024-04-16
4029,6,2024-01-09
4030,298,2024-04-27
4031,23,2024-11-10
4032,248,2024-05-04
4033,51,2024-09-18
4034,14,2024-01-06
4035,44,2024-08-16
4036,46,2024-06-20
4037,130,2024-10-09
4038,178,2024-05-18
4039,275,2024-07-07
4040,78,2024-08-15
4041,241,2024-09-22
4042,252,2024-08-14
4043,21,2024-05-03
4044,265,2024-10-02
4045,87,2024-11-06
4046,178,2024-05-16
4047,240,2024-06-16
4048,101,2024-11-28
4049,80,2024-05-26
4050,176,2024-11-14
4051,161,2024-04-16
4052,175,2024-05-27
4053,111,2024-08-22
4054,3,2024-08-05
4055,163,2024-07-11
4056,288,2024-02-15
4057,194,2024-12-18
4058,239,2024-03-15
4059,238,2024-11-22
4060,216,2024-12-21
4061,31,2024-09-19
4062,50,2024-08-07
4063,271,2024-01-19
4064,253,2024-08-01
4065,89,2024-01-15
4066,166,2024-07-04
4067,142,2024-09-01
4068,109,2024-06-08
4069,232,2024-06-07
4070,297,2024-04-21
4071,37,2024-10-24
4072,193,2024-12-18
4073,153,2024-06-18
4074,97,2024-08-14
4075,244,2024-01-13
4076,293,2024-02-17
4077,77,2024-03-11
4078,91,2024-03-11
4079,275,2024-08-02
4080,12,2024-12-07
4081,240,2024-12-21
4082,202,2024-08-11
4083,236,2024-12-04
4084,85,2024-04-26
4085,61,2024-09-04
4086,140,2024-04-20
4087,206,2024-08-27
4088,3,2024-01-25
4089,228,2024-06-02
4090,72,2024-09-21
4091,295,2024-06-15
4092,226,2024-07-09
4093,38,2024-11-02
4094,100,2024-06-14
4095,64,2024-06-22
4096,257,2024-01-21
4097,66,2024-09-16
4098,284,2024-08-23
4099,255,2024-07-25
4100,290,2024-04-08
4101,240,2024-08-16
4102,264,2024-12-23
4103,3,2024-10-25
4104,60,2024-12-05
4105,104,2024-04-18
4106,149,2024-06-03
4107,205,2024-08-27
4108,198,2024-12-18
4109,152,2024-01-24
4110,269,2024-02-16
4111,60,2024-11-12
4112,250,2024-04-25
4113,84,2024-10-02
4114,184,2024-09-25
4115,223,2024-03-05
4116,137,2024-05-08
4117,277,2024-08-13
4118,25,2024-08-08
4119,251,2024-12-02
4120,7,2024-10-06
4121,90,2024-04-28
4122,45,2024-09-21
4123,146,2024-12-10
4124,51,2024-02-15
4125,246,2024-04-16
4126,44,2024-01-10
4127,82,2024-11-16
4128,96,2024-12-18
4129,101,2024-04-15
4130,133,2024-08-10
4131,289,2024-01-28
4132,146,2024-04-01
4133,52,2024-03-10
4134,114,2024-11-27
4135,163,2024-04-11
4136,151,2024-04-11
4137,259,2024-01-27
4138,4,2024-06-16
4139,113,2024-06-19
4140,209,2024-11-04
4141,63,2024-03-10
4142,297,2024-05-10
4143,102,2024-08-20
4144,112,2024-03-07
4145,232,2024-09-24
4146,41,2024-10-21
4147,91,2024-06-11
4148,158,2024-06-28
4149,105,2024-02-19
4150,224,2024-10-06
4151,42,2024-12-05
4152,271,2024-08-11
4153,43,2024-01-25
4154,64,2024-12-08
4155,258,2024-12-11
4156,83,2024-05-09
4157,252,2024-02-05
4158,245,2024-12-13
4159,69,2024-10-10
4160,256,2024-03-01
4161,238,2024-12-25
4162,2,2024-01-03
4163,293,2024-11-22
4164,122,2024-08-13
4165,235,2024-04-18
4166,268,2024-07-25
4167,117,2024-01-27
4168,183,2024-08-24
4169,81,2024-12-19
4170,129,2024-09-01
4171,225,2024-12-09
4172,278,2024-10-04
4173,135,2024-09-24
4174,59,2024-05-09
4175,186,2024-09-26
4176,59,2024-05-04
4177,157,2024-01-14
4178,57,2024-02-06
4179,224,2024-09-12
4180,46,2024-03-14
4181,73,2024-05-14
4182,208,2024-02-13
4183,286,2024-09-09
4184,77,2024-01-06
4185,165,2024-12-28
4186,163,2024-11-16
4187,24,2024-11-07
4188,16,2024-11-06
4189,259,2024-04-18
4190,255,2024-11-19
4191,213,2024-07-08
4192,27,2024-02-23
4193,285,2024-07-06
4194,98,2024-09-10
4195,17,2024-08-14
4196,220,2024-03-10
4197,256,2024-02-26
4198,179,2024-01-25
4199,182,2024-12-11
4200,261,2024-04-11
4201,253,2024-03-21
4202,280,2024-06-19
4203,179,2024-06-11
4204,257,2024-03-03
4205,5,2024-08-16
4206,163,2024-12-26
4207,98,2024-02-26
4208,80,2024-05-28
4209,50,2024-08-23
4210,231,2024-07-09
4211,230,2024-03-19
4212,299,2024-03-26
4213,136,2024-12-10
4214,114,2024-05-13
4215,189,2024-06-01
4216,47,2024-01-23
4217,134,2024-09-20
4218,256,2024-05-04
4219,127,2024-08-14
4220,247,2024-02-12
4221,143,2024-12-02
4222,74,2024-08-03
4223,231,2024-11-02
4224,54,2024-05-13
4225,132,2024-08-17
4226,106,2024-06-16
4227,212,2024-04-27
4228,276,2024-11-19
4229,163,2024-02-28
4230,146,2024-01-27
4231,239,2024-04-05
4232,48,2024-01-22
4233,19,2024-03-18
4234,1,2024-12-19
4235,115,2024-03-23
4236,162,2024-01-24
4237,209,2024-08-16
4238,89,2024-12-10
4239,141,2024-07-03
4240,274,2024-01-09
4241,24,2024-12-20
4242,142,2024-04-18
4243,246,2024-05-22
4244,105,2024-03-15
4245,246,2024-04-01
4246,113,2024-11-13
4247,35,2024-08-27
4248,122,2024-01-28
4249,4,2024-06-24
4250,11,2024-02-22
4251,19,2024-05-20
4252,264,2024-05-12
4253,244,2024-12-06
4254,82,2024-08-07
4255,259,2024-04-22
4256,15,2024-01-09
4257,40,2024-09-23
4258,30,2024-10-08
4259,116,2024-03-18
4260,19,2024-01-27
4261,51,2024-12-10
4262,231,2024-02-16
4263,283,2024-03-17
4264,178,2024-02-26
4265,61,2024-07-08
4266,218,2024-11-04
4267,115,2024-11-05
4268,247,2024-04-10
4269,88,2024-11-08
4270,205,2024-08-25
4271,169,2024-10-26
4272,285,2024-02-06
4273,56,2024-03-19
4274,252,2024-12-19
4275,286,2024-05-13
4276,8,2024-10-11
4277,72,2024-11-20
4278,257,2024-12-28
4279,177,2024-08-17
4280,190,2024-11-16
4281,237,2024-11-28
4282,101,2024-08-20
4283,286,2024-03-21
4284,92,2024-10-01
4285,147,2024-04-04
4286,229,2024-06-12
4287,132,2024-08-08
4288,216,2024-10-19
4289,58,2024-11-13
4290,116,2024-06-17
4291,112,2024-06-23
4292,178,2024-03-25
4293,31,2024-08-27
4294,76,2024-06-15
4295,14,2024-01-03
4296,189,2024-10-10
4297,243,2024-01-12
4298,233,2024-05-07
4299,44,2024-12-16
4300,26,2024-12-28
4301,236,2024-02-10
4302,127,2024-04-12
4303,24,2024-09-01
4304,153,2024-04-06
4305,211,2024-12-05
4306,248,2024-06-08
4307,36,2024-05-08
4308,199,2024-07-03
4309,197,2024-05-08
4310,124,2024-07-15
4311,172,2024-02-20
4312,62,2024-07-02
4313,37,2024-02-28
4314,247,2024-10-17
4315,58,2024-10-17
4316,174,2024-01-25
4317,49,2024-12-17
4318,200,2024-11-20
4319,248,2024-05-11
4320,188,2024-04-23
4321,286,2024-03-01
4322,81,2024-02-13
4323,231,2024-08-25
4324,245,2024-04-22
4325,221,2024-01-28
4326,59,2024-01-16
4327,168,2024-08-13
4328,32,2024-11-19
4329,143,2024-03-11
4330,283,2024-08-15
4331,44,2024-07-13
4332,3,2024-03-17
4333,272,2024-04-21
4334,269,2024-05-24
4335,261,2024-11-18
4336,47,2024-08-25
4337,46,2024-02-13
4338,223,2024-03-15
4339,12,2024-09-26
4340,274,2024-04-24
4341,259,2024-07-13
4342,88,2024-05-10
4343,138,2024-02-25
4344,176,2024-01-01
4345,57,2024-03-03
4346,63,2024-07-02
4347,166,2024-01-05
4348,210,2024-05-28
4349,10,2024-12-07
4350,156,2024-03-25
4351,201,2024-02-26
4352,117,2024-12-24
4353,42,2024-12-26
4354,253,2024-11-18
4355,16,2024-03-12
4356,212,2024-10-10
4357,117,2024-10-24
4358,85,2024-02-26
4359,145,2024-11-22
4360,216,2024-10-26
4361,289,2024-07-11
4362,174,2024-06-15
4363,198,2024-12-19
4364,250,2024-01-02
4365,288,2024-01-16
4366,70,2024-01-23
4367,263,2024-08-06
4368,90,2024-04-23
4369,81,2024-06-14
4370,52,2024-07-23
4371,257,2024-08-27
4372,182,2024-09-27
4373,21,2024-07-24
4374,250,2024-12-07
4375,92,2024-10-11
4376,249,2024-03-22
4377,144,2024-07-22
4378,253,2024-07-03
4379,230,2024-04-21
4380,128,2024-08-08
4381,181,2024-06-27
4382,108,2024-09-19
4383,24,2024-09-21
4384,232,2024-09-19
4385,13,2024-01-20
4386,258,2024-12-04
4387,291,2024-12-10
4388,154,2024-06-28
4389,41,2024-04-27
4390,23,2024-01-13
4391,36,2024-02-24
4392,59,2024-10-19
4393,212,2024-10-01
4394,109,2024-05-09
4395,3,2024-12-24
4396,135,2024-02-27
4397,94,2024-04-27
4398,85,2024-03-08
4399,91,2024-08-13
4400,184,2024-09-20
4401,182,2024-01-13
4402,235,2024-10-21
4403,19,2024-05-16
4404,82,2024-06-14
4405,9,2024-05-03
4406,298,2024-04-17
4407,223,2024-03-28
4408,24,2024-09-27
4409,170,2024-06-25
4410,44,2024-12-10
4411,66,2024-02-09
4412,127,2024-11-11
4413,290,2024-03-22
4414,33,2024-11-17
4415,153,2024-02-19
4416,18,2024-02-22
4417,112,2024-05-05
4418,269,2024-05-12
4419,156,2024-01-07
4420,258,2024-12-20
4421,43,2024-12-11
4422,111,2024-01-21
4423,83,2024-03-22
4424,153,2024-09-12
4425,206,2024-09-08
4426,67,2024-06-13
4427,215,2024-05-25
4428,197,2024-02-08
4429,256,2024-07-24
4430,23,2024-11-01
4431,91,2024-03-25
4432,259,2024-07-13
4433,113,2024-03-21
4434,108,2024-10-17
4435,92,2024-08-13
4436,94,2024-03-13
4437,285,2024-07-28
4438,1,2024-05-15
4439,242,2024-04-18
4440,111,2024-05-27
4441,212,2024-09-18
4442,182,2024-06-03
4443,131,2024-05-05
4444,90,2024-01-11
4445,35,2024-10-21
4446,258,2024-03-24
4447,79,2024-10-02
4448,103,2024-03-24
4449,69,2024-09-04
4450,78,2024-11-27
4451,56,2024-04-05
4452,61,2024-04-20
4453,289,2024-01-25
4454,55,2024-11-01
4455,20,2024-04-17
4456,276,2024-06-14
4457,165,2024-11-05
4458,206,2024-10-18
4459,41,2024-10-22
4460,72,2024-07-02
4461,224,2024-07-23
4462,29,2024-06-06
4463,242,2024-07-03
4464,218,2024-08-01
4465,281,2024-01-19
4466,101,2024-11-20
4467,241,2024-12-08
4468,173,2024-07-01
4469,3,2024-12-02
4470,108,2024-05-13
4471,285,2024-09-22
4472,179,2024-05-16
4473,212,2024-10-19
4474,153,2024-04-07
4475,195,2024-11-15
4476,82,2024-08-25
4477,257,2024-02-14
4478,292,2024-07-06
4479,68,2024-10-03
4480,66,2024-03-25
4481,237,2024-03-20
4482,13,2024-05-11
4483,95,2024-11-19
4484,300,2024-02-13
4485,168,2024-04-01
4486,69,2024-07-03
4487,244,2024-06-28
4488,281,2024-04-10
4489,182,2024-07-01
4490,74,2024-01-25
4491,3,2024-07-05
4492,264,2024-10-15
4493,269,2024-11-15
4494,96,2024-05-13
4495,114,2024-12-07
4496,143,2024-03-19
4497,121,2024-01-22
4498,118,2024-04-19
4499,2,2024-02-11
4500,81,2024-05-22
4501,23,2024-11-04
4502,114,2024-04-03
4503,68,2024-02-08
4504,27,2024-11-10
4505,147,2024-12-10
4506,66,2024-01-11
4507,181,2024-02-14
4508,37,2024-12-26
4509,27,2024-06-12
4510,71,2024-07-09
4511,8,2024-10-15
4512,62,2024-12-11
4513,220,2024-10-07
4514,123,2024-02-01
4515,287,2024-07-09
4516,87,2024-03-15
4517,146,2024-09-02
4518,138,2024-05-07
4519,51,2024-06-06
4520,87,2024-06-15
4521,147,2024-09-16
4522,157,2024-03-04
4523,268,2024-09-20
4524,280,2024-02-16
4525,286,2024-02-25
4526,76,2024-12-15
4527,262,2024-03-02
4528,244,2024-05-25
4529,3,2024-01-03
4530,123,2024-11-01
4531,247,2024-06-18
4532,150,2024-07-06
4533,46,2024-01-01
4534,170,2024-03-14
4535,299,2024-06-15
4536,53,2024-03-01
4537,195,2024-05-17
4538,115,2024-11-19
4539,163,2024-10-04
4540,208,2024-10-13
4541,16,2024-07-17
4542,120,2024-03-22
4543,41,2024-07-02
4544,85,2024-03-05
4545,225,2024-03-18
4546,243,2024-07-14
4547,36,2024-09-09
4548,132,2024-06-12
4549,38,2024-08-23
4550,149,2024-11-01
4551,30,2024-09-04
4552,75,2024-01-20
4553,240,2024-10-02
4554,68,2024-04-04
4555,173,2024-01-10
4556,63,2024-03-04
4557,202,2024-02-17
4558,12,2024-02-25
4559,246,2024-12-14
4560,124,2024-08-23
4561,20,2024-11-17
4562,118,2024-04-05
4563,230,2024-12-21
4564,90,2024-11-18
4565,282,2024-12-14
4566,30,2024-01-20
4567,64,2024-02-26
4568,165,2024-09-24
4569,270,2024-08-18
4570,244,2024-05-24
4571,68,2024-04-27
4572,205,2024-08-08
4573,15,2024-03-08
4574,136,2024-02-26
4575,83,2024-03-04
4576,132,2024-07-26
4577,266,2024-12-11
4578,286,2024-01-19
4579,136,2024-02-01
4580,185,2024-08-13
4581,230,2024-07-18
4582,192,2024-08-26
4583,253,2024-02-15
4584,245,2024-05-10
4585,62,2024-12-04
4586,55,2024-06-03
4587,286,2024-04-21
4588,223,2024-04-06
4589,295,2024-02-13
4590,136,2024-10-03
4591,84,2024-04-23
4592,60,2024-08-23
4593,283,2024-11-01
4594,265,2024-09-04
4595,174,2024-09-22
4596,59,2024-07-09
4597,158,2024-10-10
4598,58,2024-06-19
4599,111,2024-12-24
4600,105,2024-06-27
4601,102,2024-07-07
4602,251,2024-01-06
4603,91,2024-08-16
4604,20,2024-08-15
4605,139,2024-06-05
4606,83,2024-02-22
4607,162,2024-04-11
4608,261,2024-09-23
4609,16,2024-06-18
4610,215,2024-10-17
4611,84,2024-10-12
4612,44,2024-10-01
4613,154,2024-04-11
4614,126,2024-09-21
4615,91,2024-07-11
4616,168,2024-12-20
4617,68,2024-06-04
4618,269,2024-10-06
4619,156,2024-10-14
4620,61,2024-06-28
4621,49,2024-11-01
4622,44,2024-09-23
4623,145,2024-01-09
4624,197,2024-02-11
4625,140,2024-10-15
4626,194,2024-08-03
4627,144,2024-10-24
4628,270,2024-08-21
4629,274,2024-10-28
4630,8,2024-02-09
4631,279,2024-02-05
4632,4,2024-09-22
4633,264,2024-10-23
4634,14,2024-11-23
4635,106,2024-02-02
4636,258,2024-08-22
4637,95,2024-06-13
4638,60,2024-01-09
4639,21,2024-12-09
4640,176,2024-07-03
4641,223,2024-03-25
4642,52,2024-07-22
4643,179,2024-11-13
4644,186,2024-09-22
4645,115,2024-09-28
4646,34,2024-04-18
4647,240,2024-02-23
4648,12,2024-07-14
4649,128,2024-06-04
4650,288,2024-08-28
4651,116,2024-07-05
4652,24,2024-07-10
4653,167,2024-10-25
4654,189,2024-06-19
4655,188,2024-12-01
4656,248,2024-02-11
4657,49,2024-12-09
4658,245,2024-05-23
4659,253,2024-11-25
4660,51,2024-01-24
4661,124,2024-08-11
4662,202,2024-11-12
4663,288,2024-06-10
4664,65,2024-01-04
4665,197,2024-11-03
4666,185,2024-07-09
4667,120,2024-09-14
4668,162,2024-11-04
4669,119,2024-04-11
4670,253,2024-01-20
4671,94,2024-04-16
4672,38,2024-01-12
4673,11,2024-03-09
4674,275,2024-02-05
4675,188,2024-05-08
4676,299,2024-12-24
4677,34,2024-12-15
4678,204,2024-03-17
4679,243,2024-09-14
4680,156,2024-12-12
4681,7,2024-04-01
4682,93,2024-03-20
4683,94,2024-08-20
4684,150,2024-08-01
4685,145,2024-03-03
4686,102,2024-06-24
4687,99,2024-06-06
4688,248,2024-05-22
4689,58,2024-04-03
4690,59,2024-10-04
4691,149,2024-05-23
4692,26,2024-01-06
4693,247,2024-07-26
4694,254,2024-10-01
4695,36,2024-08-14
4696,23,2024-01-10
4697,282,2024-11-20
4698,98,2024-08-07
4699,45,2024-08-03
4700,288,2024-03-04
4701,264,2024-03-19
4702,246,2024-11-20
4703,56,2024-01-21
4704,139,2024-05-05
4705,98,2024-02-25
4706,86,2024-11-23
4707,292,2024-12-24
4708,13,2024-09-28
4709,64,2024-01-09
4710,182,2024-06-16
4711,230,2024-03-08
4712,257,2024-04-07
4713,255,2024-08-11
4714,9,2024-01-11
4715,206,2024-02-07
4716,122,2024-12-21
4717,112,2024-08-24
4718,255,2024-03-24
4719,134,2024-01-01
4720,284,2024-01-10
4721,227,2024-12-21
4722,6,2024-10-09
4723,297,2024-04-19
4724,57,2024-07-09
4725,257,2024-08-02
4726,256,2024-09-03
4727,284,2024-01-15
4728,73,2024-06-02
4729,123,2024-12-26
4730,68,2024-03-15
4731,164,2024-09-20
4732,72,2024-01-22
4733,264,2024-05-14
4734,276,2024-06-05
4735,139,2024-11-05
4736,273,2024-06-25
4737,165,2024-04-25
4738,114,2024-05-11
4739,184,2024-04-09
4740,285,2024-02-03
4741,142,2024-01-28
4742,264,2024-02-17
4743,58,2024-08-07
4744,97,2024-09-07
4745,51,2024-01-19
4746,263,2024-08-21
4747,49,2024-07-13
4748,173,2024-11-17
4749,111,2024-09-10
4750,278,2024-09-25
4751,153,2024-11-18
4752,264,2024-02-10
4753,7,2024-10-13
4754,256,2024-10-11
4755,16,2024-08-06
4756,199,2024-07-13
4757,112,2024-02-17
4758,281,2024-03-28
4759,34,2024-01-22
4760,291,2024-03-15
4761,73,2024-06-20
4762,215,2024-12-26
4763,300,2024-06-26
4764,204,2024-10-27
4765,18,2024-12-16
4766,279,2024-03-08
4767,121,2024-09-28
4768,146,2024-02-21
4769,116,2024-09-19
4770,52,2024-07-19
4771,145,2024-08-15
4772,1,2024-01-05
4773,73,2024-05-26
4774,153,2024-11-05
4775,15,2024-11-01
4776,283,2024-05-01
4777,8,2024-06-07
4778,166,2024-07-21
4779,49,2024-06-02
4780,74,2024-01-17
4781,178,2024-04-08
4782,169,2024-05-01
4783,192,2024-02-19
4784,42,2024-11-18
4785,140,2024-11-25
4786,69,2024-10-21
4787,249,2024-10-27
4788,211,2024-10-23
4789,256,2024-12-23
4790,229,2024-06-16
4791,272,2024-11-24
4792,123,2024-09-06
4793,130,2024-08-20
4794,80,2024-02-04
4795,30,2024-02-03
4796,227,2024-02-17
4797,255,2024-09-18
4798,11,2024-01-22
4799,227,2024-10-08
4800,247,2024-11-16
4801,269,2024-09-21
4802,125,2024-10-20
4803,110,2024-06-24
4804,272,2024-11-22
4805,137,2024-03-23
4806,76,2024-09-25
4807,257,2024-12-17
4808,30,2024-11-16
4809,259,2024-02-15
4810,132,2024-12-06
4811,280,2024-09-24
4812,196,2024-08-16
4813,8,2024-05-01
4814,287,2024-09-21
4815,111,2024-10-23
4816,191,2024-06-25
4817,295,2024-02-05
4818,76,2024-10-09
4819,40,2024-01-28
4820,130,2024-05-11
4821,7,2024-07-12
4822,117,2024-11-03
4823,211,2024-02-07
4824,222,2024-02-21
4825,11,2024-09-26
4826,196,2024-08-26
4827,252,2024-02-02
4828,269,2024-07-02
4829,57,2024-09-10
4830,107,2024-12-18
4831,201,2024-05-03
4832,2,2024-10-18
4833,36,2024-02-06
4834,107,2024-04-18
4835,119,2024-05-04
4836,99,2024-03-03
4837,90,2024-11-22
4838,155,2024-09-02
4839,62,2024-07-15
4840,179,2024-11-13
4841,217,2024-10-19
4842,203,2024-01-11
4843,127,2024-01-13
4844,266,2024-02-02
4845,72,2024-10-13
4846,48,2024-02-02
4847,114,2024-04-27
4848,66,2024-05-26
4849,228,2024-03-20
4850,86,2024-08-12
4851,108,2024-05-21
4852,279,2024-01-15
4853,125,2024-05-22
4854,280,2024-06-07
4855,200,2024-04-18
4856,262,2024-11-11
4857,185,2024-11-02
4858,224,2024-11-12
4859,266,2024-09-21
4860,262,2024-07-25
4861,59,2024-02-23
4862,235,2024-04-19
4863,138,2024-06-16
4864,266,2024-01-21
4865,133,2024-08-20
4866,243,2024-10-04
4867,287,2024-01-25
4868,4,2024-04-25
4869,294,2024-11-01
4870,164,2024-10-21
4871,96,2024-03-20
4872,267,2024-07-26
4873,207,2024-05-04
4874,240,2024-01-22
4875,215,2024-09-18
4876,218,2024-07-17
4877,261,2024-03-04
4878,251,2024-09-09
4879,215,2024-09-04
4880,265,2024-05-13
4881,87,2024-08-24
4882,210,2024-02-21
4883,108,2024-10-25
4884,231,2024-04-12
4885,284,2024-07-14
4886,113,2024-08-14
4887,124,2024-07-05
4888,202,2024-11-16
4889,174,2024-07-17
4890,159,2024-07-28
4891,253,2024-10-08
4892,88,2024-12-21
4893,182,2024-01-17
4894,222,2024-11-26
4895,102,2024-01-09
4896,284,2024-11-16
4897,283,2024-12-20
4898,280,2024-05-15
4899,103,2024-02-05
4900,212,2024-02-04
4901,199,2024-08-01
4902,117,2024-02-14
4903,74,2024-06-11
4904,228,2024-09-25
4905,272,2024-06-06
4906,187,2024-09-12
4907,176,2024-07-11
4908,159,2024-07-21
4909,254,2024-03-08
4910,297,2024-06-26
4911,61,2024-10-23
4912,284,2024-07-01
4913,64,2024-12-25
4914,206,2024-08-21
4915,125,2024-01-08
4916,70,2024-05-08
4917,281,2024-05-16
4918,64,2024-01-01
4919,197,2024-08-24
4920,184,2024-06-09
4921,46,2024-07-14
4922,170,2024-04-20
4923,260,2024-07-06
4924,67,2024-05-02
4925,16,2024-11-02
4926,127,2024-05-14
4927,144,2024-11-27
4928,72,2024-07-08
4929,34,2024-11-07
4930,108,2024-03-09
4931,283,2024-12-08
4932,66,2024-07-26
4933,220,2024-09-11
4934,39,2024-01-08
4935,159,2024-03-05
4936,209,2024-11-23
4937,241,2024-08-18
4938,97,2024-10-07
4939,200,2024-05-02
4940,298,2024-03-19
4941,58,2024-10-14
4942,244,2024-04-18
4943,275,2024-08-16
4944,105,2024-04-17
4945,13,2024-05-06
4946,280,2024-05-17
4947,189,2024-12-24
4948,245,2024-10-10
4949,215,2024-03-14
4950,3,2024-11-21
4951,120,2024-11-26
4952,83,2024-08-20
4953,227,2024-09-03
4954,187,2024-01-14
4955,81,2024-01-16
4956,187,2024-12-22
4957,38,2024-07-09
4958,272,2024-08-20
4959,25,2024-04-09
4960,271,2024-01-18
4961,90,2024-08-02
4962,210,2024-03-01
4963,79,2024-05-03
4964,76,2024-08-10
4965,67,2024-04-28
4966,169,2024-06-20
4967,90,2024-05-16
4968,185,2024-03-15
4969,35,2024-03-21
4970,234,2024-11-06
4971,96,2024-12-10
4972,214,2024-07-16
4973,71,2024-01-07
4974,153,2024-02-21
4975,78,2024-11-09
4976,13,2024-01-10
4977,4,2024-04-27
4978,177,2024-09-21
4979,134,2024-03-13
4980,85,2024-10-24
4981,270,2024-11-18
4982,117,2024-08-10
4983,19,2024-03-27
4984,288,2024-12-03
4985,172,2024-08-15
4986,43,2024-05-08
4987,213,2024-11-06
4988,198,2024-12-13
4989,154,2024-01-07
4990,28,2024-03-11
4991,20,2024-04-22
4992,150,2024-11-01
4993,32,2024-09-16
4994,253,2024-08-11
4995,277,2024-02-21
4996,200,2024-05-06
4997,37,2024-10-08
4998,287,2024-01-27
4999,246,2024-06-07
5000,197,2024-02-08
